task,sequence,query,training,old_eval,fixed_eval,category,old_duplicate_name,negative4m,excluded1m,observed_state
S06_3d_branch_medium_C02__rounded_rectangle,72154,0,unknown,not_selected,not_selected,missing_observation_or_exclusion_evidence,False,False,False,0
S06_3d_branch_medium_C02__rounded_rectangle,72154,1,negative,not_selected,not_selected,position_negative_original4m,False,True,True,1
S06_3d_branch_medium_C02__rounded_rectangle,72154,2,unknown,not_selected,not_selected,missing_observation_or_exclusion_evidence,False,False,False,0
S06_3d_branch_medium_C02__rounded_rectangle,72154,3,negative,not_selected,not_selected,position_negative_original4m,False,True,True,1
S06_3d_branch_medium_C02__rounded_rectangle,72154,4,unknown,not_selected,not_selected,missing_observation_or_exclusion_evidence,False,False,False,0
S06_3d_branch_medium_C02__rounded_rectangle,72154,5,unknown,not_selected,not_selected,missing_observation_or_exclusion_evidence,False,False,False,0
S06_3d_branch_medium_C02__rounded_rectangle,72154,6,unknown,not_selected,not_selected,missing_observation_or_exclusion_evidence,False,False,False,0
S06_3d_branch_medium_C02__rounded_rectangle,72154,7,unknown,not_selected,not_selected,missing_observation_or_exclusion_evidence,False,False,False,0
S06_3d_branch_medium_C02__rounded_rectangle,72154,8,unknown,not_selected,not_selected,missing_observation_or_exclusion_evidence,False,False,False,0
S06_3d_branch_medium_C02__rounded_rectangle,72154,9,negative,not_selected,not_selected,position_negative_original4m,False,True,True,1
S06_3d_branch_medium_C02__rounded_rectangle,72154,10,unknown,not_selected,not_selected,missing_observation_or_exclusion_evidence,False,False,False,0
S06_3d_branch_medium_C02__rounded_rectangle,72154,11,unknown,not_selected,not_selected,missing_observation_or_exclusion_evidence,False,False,False,0
S06_3d_branch_medium_C02__rounded_rectangle,72154,12,unknown,not_selected,not_selected,missing_observation_or_exclusion_evidence,False,False,False,0
S06_3d_branch_medium_C02__rounded_rectangle,72154,13,unknown,not_selected,not_selected,missing_observation_or_exclusion_evidence,False,False,False,0
S06_3d_branch_medium_C02__rounded_rectangle,72154,14,unknown,not_selected,not_selected,missing_observation_or_exclusion_evidence,False,False,False,0
S06_3d_branch_medium_C02__rounded_rectangle,72154,15,unknown,not_selected,not_selected,missing_observation_or_exclusion_evidence,False,False,False,0
S06_3d_branch_medium_C02__rounded_rectangle,72154,16,positive,matched,matched,position_valid,False,False,False,1
S06_3d_branch_medium_C02__rounded_rectangle,72154,17,unknown,not_selected,not_selected,missing_observation_or_exclusion_evidence,False,False,False,0
S06_3d_branch_medium_C02__rounded_rectangle,72154,18,unknown,not_selected,not_selected,missing_observation_or_exclusion_evidence,False,False,False,0
S06_3d_branch_medium_C02__rounded_rectangle,72154,19,negative,not_selected,not_selected,position_negative_original4m,False,True,True,1
S06_3d_branch_medium_C02__rounded_rectangle,72154,20,unknown,not_selected,not_selected,missing_observation_or_exclusion_evidence,False,False,False,0
S06_3d_branch_medium_C02__rounded_rectangle,72154,21,negative,not_selected,not_selected,position_negative_original4m,False,True,True,1
S06_3d_branch_medium_C02__rounded_rectangle,72154,22,unknown,not_selected,not_selected,missing_observation_or_exclusion_evidence,False,False,False,0
S06_3d_branch_medium_C02__rounded_rectangle,72154,23,unknown,not_selected,not_selected,missing_observation_or_exclusion_evidence,False,False,False,0
S06_3d_branch_medium_C02__rounded_rectangle,72154,24,unknown,not_selected,not_selected,missing_observation_or_exclusion_evidence,False,False,False,0
S06_3d_branch_medium_C02__rounded_rectangle,72154,25,unknown,not_selected,not_selected,observed_excluded_at1m_but_not_original4m,True,False,True,1
S06_3d_branch_medium_C02__rounded_rectangle,72154,26,unknown,not_selected,not_selected,missing_observation_or_exclusion_evidence,False,False,False,0
S06_3d_branch_medium_C02__rounded_rectangle,72154,27,unknown,not_selected,not_selected,missing_observation_or_exclusion_evidence,False,False,False,0
S06_3d_branch_medium_C02__rounded_rectangle,72154,28,unknown,not_selected,not_selected,missing_observation_or_exclusion_evidence,False,False,False,0
S06_3d_branch_medium_C02__rounded_rectangle,72154,29,unknown,not_selected,not_selected,missing_observation_or_exclusion_evidence,False,False,False,0
S06_3d_branch_medium_C02__rounded_rectangle,72154,30,unknown,not_selected,not_selected,missing_observation_or_exclusion_evidence,False,False,False,0
S06_3d_branch_medium_C02__rounded_rectangle,72154,31,unknown,not_selected,not_selected,missing_observation_or_exclusion_evidence,False,False,False,0
S02_3d_tree_small_C05__rounded_rectangle,16694,0,negative,not_selected,not_selected,position_negative_original4m,False,True,True,1
S02_3d_tree_small_C05__rounded_rectangle,16694,1,unknown,not_selected,not_selected,missing_observation_or_exclusion_evidence,False,False,False,0
S02_3d_tree_small_C05__rounded_rectangle,16694,2,negative,not_selected,not_selected,position_negative_original4m,False,True,True,1
S02_3d_tree_small_C05__rounded_rectangle,16694,3,unknown,not_selected,not_selected,missing_observation_or_exclusion_evidence,False,False,False,0
S02_3d_tree_small_C05__rounded_rectangle,16694,4,unknown,not_selected,not_selected,missing_observation_or_exclusion_evidence,False,False,False,0
S02_3d_tree_small_C05__rounded_rectangle,16694,5,unknown,not_selected,not_selected,missing_observation_or_exclusion_evidence,False,False,False,0
S02_3d_tree_small_C05__rounded_rectangle,16694,6,unknown,false_positive,false_positive,observed_excluded_at1m_but_not_original4m,True,False,True,1
S02_3d_tree_small_C05__rounded_rectangle,16694,7,unknown,not_selected,not_selected,missing_observation_or_exclusion_evidence,False,False,False,0
S02_3d_tree_small_C05__rounded_rectangle,16694,8,unknown,not_selected,not_selected,missing_observation_or_exclusion_evidence,False,False,False,0
S02_3d_tree_small_C05__rounded_rectangle,16694,9,unknown,not_selected,not_selected,missing_observation_or_exclusion_evidence,False,False,False,0
S02_3d_tree_small_C05__rounded_rectangle,16694,10,unknown,not_selected,not_selected,missing_observation_or_exclusion_evidence,False,False,False,0
S02_3d_tree_small_C05__rounded_rectangle,16694,11,unknown,not_selected,not_selected,missing_observation_or_exclusion_evidence,False,False,False,0
S02_3d_tree_small_C05__rounded_rectangle,16694,12,unknown,not_selected,not_selected,missing_observation_or_exclusion_evidence,False,False,False,0
S02_3d_tree_small_C05__rounded_rectangle,16694,13,unknown,false_positive,false_positive,observed_excluded_at1m_but_not_original4m,True,False,True,1
S02_3d_tree_small_C05__rounded_rectangle,16694,14,unknown,not_selected,not_selected,missing_observation_or_exclusion_evidence,False,False,False,0
S02_3d_tree_small_C05__rounded_rectangle,16694,15,unknown,not_selected,not_selected,missing_observation_or_exclusion_evidence,False,False,False,0
S02_3d_tree_small_C05__rounded_rectangle,16694,16,unknown,not_selected,not_selected,missing_observation_or_exclusion_evidence,False,False,False,0
S02_3d_tree_small_C05__rounded_rectangle,16694,17,unknown,not_selected,not_selected,missing_observation_or_exclusion_evidence,False,False,False,0
S02_3d_tree_small_C05__rounded_rectangle,16694,18,unknown,not_selected,not_selected,missing_observation_or_exclusion_evidence,False,False,False,0
S02_3d_tree_small_C05__rounded_rectangle,16694,19,unknown,not_selected,not_selected,missing_observation_or_exclusion_evidence,False,False,False,0
S02_3d_tree_small_C05__rounded_rectangle,16694,20,positive,matched,matched,position_valid,False,False,False,1
S02_3d_tree_small_C05__rounded_rectangle,16694,21,unknown,not_selected,not_selected,missing_observation_or_exclusion_evidence,False,False,False,0
S02_3d_tree_small_C05__rounded_rectangle,16694,22,unknown,not_selected,not_selected,missing_observation_or_exclusion_evidence,False,False,False,0
S02_3d_tree_small_C05__rounded_rectangle,16694,23,negative,not_selected,not_selected,position_negative_original4m,False,True,True,1
S02_3d_tree_small_C05__rounded_rectangle,16694,24,negative,not_selected,not_selected,position_negative_original4m,False,True,True,1
S02_3d_tree_small_C05__rounded_rectangle,16694,25,unknown,not_selected,not_selected,missing_observation_or_exclusion_evidence,False,False,False,0
S02_3d_tree_small_C05__rounded_rectangle,16694,26,negative,not_selected,not_selected,position_negative_original4m,False,True,True,1
S02_3d_tree_small_C05__rounded_rectangle,16694,27,unknown,not_selected,not_selected,missing_observation_or_exclusion_evidence,False,False,False,0
S02_3d_tree_small_C05__rounded_rectangle,16694,28,negative,not_selected,not_selected,position_negative_original4m,False,True,True,1
S02_3d_tree_small_C05__rounded_rectangle,16694,29,unknown,not_selected,not_selected,missing_observation_or_exclusion_evidence,False,False,False,0
S02_3d_tree_small_C05__rounded_rectangle,16694,30,unknown,not_selected,not_selected,missing_observation_or_exclusion_evidence,False,False,False,0
S02_3d_tree_small_C05__rounded_rectangle,16694,31,negative,not_selected,not_selected,position_negative_original4m,False,True,True,1
S08_3d_loop_rich_C01__rounded_rectangle,116881,0,unknown,not_selected,not_selected,missing_observation_or_exclusion_evidence,False,False,False,0
S08_3d_loop_rich_C01__rounded_rectangle,116881,1,negative,not_selected,not_selected,position_negative_original4m,False,True,True,1
S08_3d_loop_rich_C01__rounded_rectangle,116881,2,unknown,not_selected,not_selected,missing_observation_or_exclusion_evidence,False,False,False,0
S08_3d_loop_rich_C01__rounded_rectangle,116881,3,negative,not_selected,not_selected,position_negative_original4m,False,True,True,1
S08_3d_loop_rich_C01__rounded_rectangle,116881,4,unknown,not_selected,not_selected,missing_observation_or_exclusion_evidence,False,False,False,0
S08_3d_loop_rich_C01__rounded_rectangle,116881,5,unknown,not_selected,not_selected,missing_observation_or_exclusion_evidence,False,False,False,0
S08_3d_loop_rich_C01__rounded_rectangle,116881,6,unknown,not_selected,not_selected,missing_observation_or_exclusion_evidence,False,False,False,0
S08_3d_loop_rich_C01__rounded_rectangle,116881,7,unknown,not_selected,not_selected,missing_observation_or_exclusion_evidence,False,False,False,0
S08_3d_loop_rich_C01__rounded_rectangle,116881,8,unknown,not_selected,not_selected,missing_observation_or_exclusion_evidence,False,False,False,0
S08_3d_loop_rich_C01__rounded_rectangle,116881,9,negative,not_selected,not_selected,position_negative_original4m,False,True,True,1
S08_3d_loop_rich_C01__rounded_rectangle,116881,10,unknown,not_selected,not_selected,missing_observation_or_exclusion_evidence,False,False,False,0
S08_3d_loop_rich_C01__rounded_rectangle,116881,11,unknown,not_selected,not_selected,missing_observation_or_exclusion_evidence,False,False,False,0
S08_3d_loop_rich_C01__rounded_rectangle,116881,12,unknown,not_selected,not_selected,missing_observation_or_exclusion_evidence,False,False,False,0
S08_3d_loop_rich_C01__rounded_rectangle,116881,13,negative,not_selected,not_selected,position_negative_original4m,False,True,True,1
S08_3d_loop_rich_C01__rounded_rectangle,116881,14,unknown,not_selected,not_selected,missing_observation_or_exclusion_evidence,False,False,False,0
S08_3d_loop_rich_C01__rounded_rectangle,116881,15,unknown,not_selected,not_selected,missing_observation_or_exclusion_evidence,False,False,False,0
S08_3d_loop_rich_C01__rounded_rectangle,116881,16,negative,not_selected,not_selected,position_negative_original4m,False,True,True,1
S08_3d_loop_rich_C01__rounded_rectangle,116881,17,unknown,not_selected,not_selected,missing_observation_or_exclusion_evidence,False,False,False,0
S08_3d_loop_rich_C01__rounded_rectangle,116881,18,unknown,not_selected,not_selected,missing_observation_or_exclusion_evidence,False,False,False,0
S08_3d_loop_rich_C01__rounded_rectangle,116881,19,negative,not_selected,not_selected,position_negative_original4m,False,True,True,1
S08_3d_loop_rich_C01__rounded_rectangle,116881,20,unknown,not_selected,not_selected,missing_observation_or_exclusion_evidence,False,False,False,0
S08_3d_loop_rich_C01__rounded_rectangle,116881,21,unknown,not_selected,not_selected,missing_observation_or_exclusion_evidence,False,False,False,0
S08_3d_loop_rich_C01__rounded_rectangle,116881,22,negative,not_selected,not_selected,position_negative_original4m,False,True,True,1
S08_3d_loop_rich_C01__rounded_rectangle,116881,23,unknown,not_selected,not_selected,missing_observation_or_exclusion_evidence,False,False,False,0
S08_3d_loop_rich_C01__rounded_rectangle,116881,24,unknown,not_selected,not_selected,missing_observation_or_exclusion_evidence,False,False,False,0
S08_3d_loop_rich_C01__rounded_rectangle,116881,25,unknown,not_selected,not_selected,missing_observation_or_exclusion_evidence,False,False,False,0
S08_3d_loop_rich_C01__rounded_rectangle,116881,26,unknown,not_selected,not_selected,missing_observation_or_exclusion_evidence,False,False,False,0
S08_3d_loop_rich_C01__rounded_rectangle,116881,27,unknown,not_selected,not_selected,missing_observation_or_exclusion_evidence,False,False,False,0
S08_3d_loop_rich_C01__rounded_rectangle,116881,28,unknown,not_selected,not_selected,missing_observation_or_exclusion_evidence,False,False,False,0
S08_3d_loop_rich_C01__rounded_rectangle,116881,29,unknown,not_selected,not_selected,missing_observation_or_exclusion_evidence,False,False,False,0
S08_3d_loop_rich_C01__rounded_rectangle,116881,30,unknown,not_selected,not_selected,missing_observation_or_exclusion_evidence,False,False,False,0
S08_3d_loop_rich_C01__rounded_rectangle,116881,31,unknown,not_selected,not_selected,missing_observation_or_exclusion_evidence,False,False,False,0
S03_flat_unicyclic_small_C04__rounded_rectangle,29352,0,negative,not_selected,not_selected,position_negative_original4m,False,True,True,1
S03_flat_unicyclic_small_C04__rounded_rectangle,29352,1,unknown,not_selected,not_selected,missing_observation_or_exclusion_evidence,False,False,False,0
S03_flat_unicyclic_small_C04__rounded_rectangle,29352,2,negative,not_selected,not_selected,position_negative_original4m,False,True,True,1
S03_flat_unicyclic_small_C04__rounded_rectangle,29352,3,unknown,not_selected,not_selected,missing_observation_or_exclusion_evidence,False,False,False,0
S03_flat_unicyclic_small_C04__rounded_rectangle,29352,4,unknown,not_selected,not_selected,missing_observation_or_exclusion_evidence,False,False,False,0
S03_flat_unicyclic_small_C04__rounded_rectangle,29352,5,unknown,not_selected,not_selected,missing_observation_or_exclusion_evidence,False,False,False,0
S03_flat_unicyclic_small_C04__rounded_rectangle,29352,6,unknown,not_selected,not_selected,missing_observation_or_exclusion_evidence,False,False,False,0
S03_flat_unicyclic_small_C04__rounded_rectangle,29352,7,negative,not_selected,not_selected,position_negative_original4m,False,True,True,1
S03_flat_unicyclic_small_C04__rounded_rectangle,29352,8,unknown,not_selected,not_selected,missing_observation_or_exclusion_evidence,False,False,False,0
S03_flat_unicyclic_small_C04__rounded_rectangle,29352,9,unknown,not_selected,not_selected,missing_observation_or_exclusion_evidence,False,False,False,0
S03_flat_unicyclic_small_C04__rounded_rectangle,29352,10,unknown,not_selected,not_selected,missing_observation_or_exclusion_evidence,False,False,False,0
S03_flat_unicyclic_small_C04__rounded_rectangle,29352,11,unknown,not_selected,not_selected,missing_observation_or_exclusion_evidence,False,False,False,0
S03_flat_unicyclic_small_C04__rounded_rectangle,29352,12,unknown,not_selected,not_selected,missing_observation_or_exclusion_evidence,False,False,False,0
S03_flat_unicyclic_small_C04__rounded_rectangle,29352,13,negative,not_selected,not_selected,position_negative_original4m,False,True,True,1
S03_flat_unicyclic_small_C04__rounded_rectangle,29352,14,unknown,not_selected,not_selected,missing_observation_or_exclusion_evidence,False,False,False,0
S03_flat_unicyclic_small_C04__rounded_rectangle,29352,15,unknown,not_selected,not_selected,missing_observation_or_exclusion_evidence,False,False,False,0
S03_flat_unicyclic_small_C04__rounded_rectangle,29352,16,unknown,not_selected,not_selected,missing_observation_or_exclusion_evidence,False,False,False,0
S03_flat_unicyclic_small_C04__rounded_rectangle,29352,17,unknown,not_selected,not_selected,missing_observation_or_exclusion_evidence,False,False,False,0
S03_flat_unicyclic_small_C04__rounded_rectangle,29352,18,negative,not_selected,not_selected,position_negative_original4m,False,True,True,1
S03_flat_unicyclic_small_C04__rounded_rectangle,29352,19,unknown,not_selected,not_selected,missing_observation_or_exclusion_evidence,False,False,False,0
S03_flat_unicyclic_small_C04__rounded_rectangle,29352,20,negative,not_selected,not_selected,position_negative_original4m,False,True,True,1
S03_flat_unicyclic_small_C04__rounded_rectangle,29352,21,unknown,not_selected,not_selected,missing_observation_or_exclusion_evidence,False,False,False,0
S03_flat_unicyclic_small_C04__rounded_rectangle,29352,22,unknown,not_selected,not_selected,missing_observation_or_exclusion_evidence,False,False,False,0
S03_flat_unicyclic_small_C04__rounded_rectangle,29352,23,negative,not_selected,not_selected,position_negative_original4m,False,True,True,1
S03_flat_unicyclic_small_C04__rounded_rectangle,29352,24,unknown,not_selected,not_selected,missing_observation_or_exclusion_evidence,False,False,False,0
S03_flat_unicyclic_small_C04__rounded_rectangle,29352,25,unknown,not_selected,not_selected,missing_observation_or_exclusion_evidence,False,False,False,0
S03_flat_unicyclic_small_C04__rounded_rectangle,29352,26,unknown,not_selected,not_selected,missing_observation_or_exclusion_evidence,False,False,False,0
S03_flat_unicyclic_small_C04__rounded_rectangle,29352,27,unknown,not_selected,not_selected,missing_observation_or_exclusion_evidence,False,False,False,0
S03_flat_unicyclic_small_C04__rounded_rectangle,29352,28,negative,not_selected,not_selected,position_negative_original4m,False,True,True,1
S03_flat_unicyclic_small_C04__rounded_rectangle,29352,29,unknown,not_selected,not_selected,missing_observation_or_exclusion_evidence,False,False,False,0
S03_flat_unicyclic_small_C04__rounded_rectangle,29352,30,negative,not_selected,not_selected,position_negative_original4m,False,True,True,1
S03_flat_unicyclic_small_C04__rounded_rectangle,29352,31,negative,not_selected,not_selected,position_negative_original4m,False,True,True,1
S06_3d_branch_medium_C02__ellipse,72152,0,unknown,not_selected,not_selected,missing_observation_or_exclusion_evidence,False,False,False,0
S06_3d_branch_medium_C02__ellipse,72152,1,unknown,not_selected,not_selected,missing_observation_or_exclusion_evidence,False,False,False,0
S06_3d_branch_medium_C02__ellipse,72152,2,unknown,not_selected,not_selected,missing_observation_or_exclusion_evidence,False,False,False,0
S06_3d_branch_medium_C02__ellipse,72152,3,unknown,not_selected,not_selected,missing_observation_or_exclusion_evidence,False,False,False,0
S06_3d_branch_medium_C02__ellipse,72152,4,negative,not_selected,not_selected,position_negative_original4m,False,True,True,1
S06_3d_branch_medium_C02__ellipse,72152,5,unknown,not_selected,not_selected,missing_observation_or_exclusion_evidence,False,False,False,0
S06_3d_branch_medium_C02__ellipse,72152,6,negative,not_selected,not_selected,position_negative_original4m,False,True,True,1
S06_3d_branch_medium_C02__ellipse,72152,7,unknown,not_selected,not_selected,missing_observation_or_exclusion_evidence,False,False,False,0
S06_3d_branch_medium_C02__ellipse,72152,8,unknown,not_selected,not_selected,missing_observation_or_exclusion_evidence,False,False,False,0
S06_3d_branch_medium_C02__ellipse,72152,9,unknown,not_selected,not_selected,missing_observation_or_exclusion_evidence,False,False,False,0
S06_3d_branch_medium_C02__ellipse,72152,10,unknown,false_positive,false_positive,observed_excluded_at1m_but_not_original4m,True,False,True,1
S06_3d_branch_medium_C02__ellipse,72152,11,unknown,not_selected,not_selected,missing_observation_or_exclusion_evidence,False,False,False,0
S06_3d_branch_medium_C02__ellipse,72152,12,unknown,not_selected,not_selected,missing_observation_or_exclusion_evidence,False,False,False,0
S06_3d_branch_medium_C02__ellipse,72152,13,unknown,not_selected,not_selected,missing_observation_or_exclusion_evidence,False,False,False,0
S06_3d_branch_medium_C02__ellipse,72152,14,unknown,not_selected,not_selected,missing_observation_or_exclusion_evidence,False,False,False,0
S06_3d_branch_medium_C02__ellipse,72152,15,unknown,not_selected,not_selected,missing_observation_or_exclusion_evidence,False,False,False,0
S06_3d_branch_medium_C02__ellipse,72152,16,positive,matched,matched,position_valid,False,False,False,1
S06_3d_branch_medium_C02__ellipse,72152,17,unknown,not_selected,not_selected,missing_observation_or_exclusion_evidence,False,False,False,0
S06_3d_branch_medium_C02__ellipse,72152,18,unknown,not_selected,not_selected,missing_observation_or_exclusion_evidence,False,False,False,0
S06_3d_branch_medium_C02__ellipse,72152,19,unknown,not_selected,not_selected,missing_observation_or_exclusion_evidence,False,False,False,0
S06_3d_branch_medium_C02__ellipse,72152,20,negative,not_selected,not_selected,position_negative_original4m,False,True,True,1
S06_3d_branch_medium_C02__ellipse,72152,21,unknown,not_selected,not_selected,missing_observation_or_exclusion_evidence,False,False,False,0
S06_3d_branch_medium_C02__ellipse,72152,22,unknown,not_selected,not_selected,missing_observation_or_exclusion_evidence,False,False,False,0
S06_3d_branch_medium_C02__ellipse,72152,23,unknown,not_selected,not_selected,missing_observation_or_exclusion_evidence,False,False,False,0
S06_3d_branch_medium_C02__ellipse,72152,24,unknown,not_selected,not_selected,missing_observation_or_exclusion_evidence,False,False,False,0
S06_3d_branch_medium_C02__ellipse,72152,25,unknown,not_selected,not_selected,missing_observation_or_exclusion_evidence,False,False,False,0
S06_3d_branch_medium_C02__ellipse,72152,26,unknown,not_selected,not_selected,missing_observation_or_exclusion_evidence,False,False,False,0
S06_3d_branch_medium_C02__ellipse,72152,27,unknown,unresolved,false_positive,missing_observation_or_exclusion_evidence,False,False,False,0
S06_3d_branch_medium_C02__ellipse,72152,28,unknown,not_selected,not_selected,missing_observation_or_exclusion_evidence,False,False,False,0
S06_3d_branch_medium_C02__ellipse,72152,29,unknown,not_selected,not_selected,missing_observation_or_exclusion_evidence,False,False,False,0
S06_3d_branch_medium_C02__ellipse,72152,30,unknown,not_selected,not_selected,missing_observation_or_exclusion_evidence,False,False,False,0
S06_3d_branch_medium_C02__ellipse,72152,31,unknown,not_selected,not_selected,missing_observation_or_exclusion_evidence,False,False,False,0
S03_flat_unicyclic_small_C04__rounded_rectangle,29343,0,unknown,false_positive,false_positive,observed_excluded_at1m_but_not_original4m,True,False,True,1
S03_flat_unicyclic_small_C04__rounded_rectangle,29343,1,unknown,not_selected,not_selected,missing_observation_or_exclusion_evidence,False,False,False,0
S03_flat_unicyclic_small_C04__rounded_rectangle,29343,2,negative,not_selected,not_selected,position_negative_original4m,False,True,True,1
S03_flat_unicyclic_small_C04__rounded_rectangle,29343,3,unknown,not_selected,not_selected,missing_observation_or_exclusion_evidence,False,False,False,0
S03_flat_unicyclic_small_C04__rounded_rectangle,29343,4,unknown,not_selected,not_selected,missing_observation_or_exclusion_evidence,False,False,False,0
S03_flat_unicyclic_small_C04__rounded_rectangle,29343,5,unknown,not_selected,not_selected,missing_observation_or_exclusion_evidence,False,False,False,0
S03_flat_unicyclic_small_C04__rounded_rectangle,29343,6,negative,not_selected,not_selected,position_negative_original4m,False,True,True,1
S03_flat_unicyclic_small_C04__rounded_rectangle,29343,7,unknown,not_selected,not_selected,missing_observation_or_exclusion_evidence,False,False,False,0
S03_flat_unicyclic_small_C04__rounded_rectangle,29343,8,unknown,not_selected,not_selected,missing_observation_or_exclusion_evidence,False,False,False,0
S03_flat_unicyclic_small_C04__rounded_rectangle,29343,9,negative,not_selected,not_selected,position_negative_original4m,False,True,True,1
S03_flat_unicyclic_small_C04__rounded_rectangle,29343,10,unknown,not_selected,not_selected,missing_observation_or_exclusion_evidence,False,False,False,0
S03_flat_unicyclic_small_C04__rounded_rectangle,29343,11,negative,not_selected,not_selected,position_negative_original4m,False,True,True,1
S03_flat_unicyclic_small_C04__rounded_rectangle,29343,12,positive,matched,matched,position_valid,False,False,False,1
S03_flat_unicyclic_small_C04__rounded_rectangle,29343,13,unknown,not_selected,not_selected,missing_observation_or_exclusion_evidence,False,False,False,0
S03_flat_unicyclic_small_C04__rounded_rectangle,29343,14,unknown,not_selected,not_selected,missing_observation_or_exclusion_evidence,False,False,False,0
S03_flat_unicyclic_small_C04__rounded_rectangle,29343,15,unknown,not_selected,not_selected,missing_observation_or_exclusion_evidence,False,False,False,0
S03_flat_unicyclic_small_C04__rounded_rectangle,29343,16,unknown,not_selected,not_selected,missing_observation_or_exclusion_evidence,False,False,False,0
S03_flat_unicyclic_small_C04__rounded_rectangle,29343,17,unknown,not_selected,not_selected,missing_observation_or_exclusion_evidence,False,False,False,0
S03_flat_unicyclic_small_C04__rounded_rectangle,29343,18,negative,not_selected,not_selected,position_negative_original4m,False,True,True,1
S03_flat_unicyclic_small_C04__rounded_rectangle,29343,19,negative,not_selected,not_selected,position_negative_original4m,False,True,True,1
S03_flat_unicyclic_small_C04__rounded_rectangle,29343,20,negative,not_selected,not_selected,position_negative_original4m,False,True,True,1
S03_flat_unicyclic_small_C04__rounded_rectangle,29343,21,unknown,not_selected,not_selected,missing_observation_or_exclusion_evidence,False,False,False,0
S03_flat_unicyclic_small_C04__rounded_rectangle,29343,22,unknown,not_selected,not_selected,missing_observation_or_exclusion_evidence,False,False,False,0
S03_flat_unicyclic_small_C04__rounded_rectangle,29343,23,unknown,not_selected,not_selected,missing_observation_or_exclusion_evidence,False,False,False,0
S03_flat_unicyclic_small_C04__rounded_rectangle,29343,24,negative,not_selected,not_selected,position_negative_original4m,False,True,True,1
S03_flat_unicyclic_small_C04__rounded_rectangle,29343,25,unknown,not_selected,not_selected,missing_observation_or_exclusion_evidence,False,False,False,0
S03_flat_unicyclic_small_C04__rounded_rectangle,29343,26,unknown,not_selected,not_selected,missing_observation_or_exclusion_evidence,False,False,False,0
S03_flat_unicyclic_small_C04__rounded_rectangle,29343,27,negative,not_selected,not_selected,position_negative_original4m,False,True,True,1
S03_flat_unicyclic_small_C04__rounded_rectangle,29343,28,unknown,false_positive,false_positive,observed_excluded_at1m_but_not_original4m,True,False,True,1
S03_flat_unicyclic_small_C04__rounded_rectangle,29343,29,negative,not_selected,not_selected,position_negative_original4m,False,True,True,1
S03_flat_unicyclic_small_C04__rounded_rectangle,29343,30,negative,not_selected,not_selected,position_negative_original4m,False,True,True,1
S03_flat_unicyclic_small_C04__rounded_rectangle,29343,31,unknown,not_selected,not_selected,observed_excluded_at1m_but_not_original4m,True,False,True,1
S08_3d_loop_rich_C01__ellipse,116895,0,unknown,not_selected,not_selected,missing_observation_or_exclusion_evidence,False,False,False,0
S08_3d_loop_rich_C01__ellipse,116895,1,unknown,false_positive,false_positive,observed_excluded_at1m_but_not_original4m,True,False,True,1
S08_3d_loop_rich_C01__ellipse,116895,2,unknown,not_selected,not_selected,missing_observation_or_exclusion_evidence,False,False,False,0
S08_3d_loop_rich_C01__ellipse,116895,3,unknown,not_selected,not_selected,missing_observation_or_exclusion_evidence,False,False,False,0
S08_3d_loop_rich_C01__ellipse,116895,4,unknown,not_selected,not_selected,missing_observation_or_exclusion_evidence,False,False,False,0
S08_3d_loop_rich_C01__ellipse,116895,5,negative,not_selected,not_selected,position_negative_original4m,False,True,True,1
S08_3d_loop_rich_C01__ellipse,116895,6,unknown,not_selected,not_selected,missing_observation_or_exclusion_evidence,False,False,False,0
S08_3d_loop_rich_C01__ellipse,116895,7,unknown,not_selected,not_selected,missing_observation_or_exclusion_evidence,False,False,False,0
S08_3d_loop_rich_C01__ellipse,116895,8,unknown,not_selected,not_selected,missing_observation_or_exclusion_evidence,False,False,False,0
S08_3d_loop_rich_C01__ellipse,116895,9,unknown,not_selected,not_selected,missing_observation_or_exclusion_evidence,False,False,False,0
S08_3d_loop_rich_C01__ellipse,116895,10,unknown,not_selected,not_selected,missing_observation_or_exclusion_evidence,False,False,False,0
S08_3d_loop_rich_C01__ellipse,116895,11,unknown,false_positive,false_positive,observed_excluded_at1m_but_not_original4m,True,False,True,1
S08_3d_loop_rich_C01__ellipse,116895,12,unknown,unresolved,false_positive,missing_observation_or_exclusion_evidence,False,False,False,0
S08_3d_loop_rich_C01__ellipse,116895,13,unknown,not_selected,not_selected,missing_observation_or_exclusion_evidence,False,False,False,0
S08_3d_loop_rich_C01__ellipse,116895,14,unknown,not_selected,not_selected,missing_observation_or_exclusion_evidence,False,False,False,0
S08_3d_loop_rich_C01__ellipse,116895,15,unknown,not_selected,not_selected,missing_observation_or_exclusion_evidence,False,False,False,0
S08_3d_loop_rich_C01__ellipse,116895,16,unknown,not_selected,not_selected,missing_observation_or_exclusion_evidence,False,False,False,0
S08_3d_loop_rich_C01__ellipse,116895,17,unknown,not_selected,not_selected,missing_observation_or_exclusion_evidence,False,False,False,0
S08_3d_loop_rich_C01__ellipse,116895,18,unknown,not_selected,not_selected,missing_observation_or_exclusion_evidence,False,False,False,0
S08_3d_loop_rich_C01__ellipse,116895,19,unknown,not_selected,not_selected,missing_observation_or_exclusion_evidence,False,False,False,0
S08_3d_loop_rich_C01__ellipse,116895,20,unknown,not_selected,not_selected,missing_observation_or_exclusion_evidence,False,False,False,0
S08_3d_loop_rich_C01__ellipse,116895,21,unknown,not_selected,not_selected,missing_observation_or_exclusion_evidence,False,False,False,0
S08_3d_loop_rich_C01__ellipse,116895,22,negative,not_selected,not_selected,position_negative_original4m,False,True,True,1
S08_3d_loop_rich_C01__ellipse,116895,23,unknown,not_selected,not_selected,missing_observation_or_exclusion_evidence,False,False,False,0
S08_3d_loop_rich_C01__ellipse,116895,24,positive,matched,matched,position_valid,False,False,False,1
S08_3d_loop_rich_C01__ellipse,116895,25,unknown,not_selected,not_selected,missing_observation_or_exclusion_evidence,False,False,False,0
S08_3d_loop_rich_C01__ellipse,116895,26,unknown,not_selected,not_selected,missing_observation_or_exclusion_evidence,False,False,False,0
S08_3d_loop_rich_C01__ellipse,116895,27,unknown,not_selected,not_selected,observed_excluded_at1m_but_not_original4m,True,False,True,1
S08_3d_loop_rich_C01__ellipse,116895,28,unknown,false_positive,false_positive,observed_excluded_at1m_but_not_original4m,True,False,True,1
S08_3d_loop_rich_C01__ellipse,116895,29,unknown,false_positive,false_positive,observed_excluded_at1m_but_not_original4m,True,False,True,1
S08_3d_loop_rich_C01__ellipse,116895,30,unknown,unresolved,false_positive,missing_observation_or_exclusion_evidence,False,False,False,0
S08_3d_loop_rich_C01__ellipse,116895,31,unknown,not_selected,not_selected,missing_observation_or_exclusion_evidence,False,False,False,0
S08_3d_loop_rich_C01__ellipse,116861,0,negative,false_positive,false_positive,position_negative_original4m,False,True,True,1
S08_3d_loop_rich_C01__ellipse,116861,1,unknown,not_selected,not_selected,missing_observation_or_exclusion_evidence,False,False,False,0
S08_3d_loop_rich_C01__ellipse,116861,2,unknown,not_selected,not_selected,missing_observation_or_exclusion_evidence,False,False,False,0
S08_3d_loop_rich_C01__ellipse,116861,3,negative,not_selected,not_selected,position_negative_original4m,False,True,True,1
S08_3d_loop_rich_C01__ellipse,116861,4,unknown,not_selected,not_selected,missing_observation_or_exclusion_evidence,False,False,False,0
S08_3d_loop_rich_C01__ellipse,116861,5,unknown,not_selected,not_selected,missing_observation_or_exclusion_evidence,False,False,False,0
S08_3d_loop_rich_C01__ellipse,116861,6,unknown,not_selected,not_selected,missing_observation_or_exclusion_evidence,False,False,False,0
S08_3d_loop_rich_C01__ellipse,116861,7,unknown,not_selected,not_selected,missing_observation_or_exclusion_evidence,False,False,False,0
S08_3d_loop_rich_C01__ellipse,116861,8,unknown,not_selected,not_selected,missing_observation_or_exclusion_evidence,False,False,False,0
S08_3d_loop_rich_C01__ellipse,116861,9,unknown,not_selected,not_selected,missing_observation_or_exclusion_evidence,False,False,False,0
S08_3d_loop_rich_C01__ellipse,116861,10,unknown,not_selected,not_selected,missing_observation_or_exclusion_evidence,False,False,False,0
S08_3d_loop_rich_C01__ellipse,116861,11,unknown,not_selected,not_selected,missing_observation_or_exclusion_evidence,False,False,False,0
S08_3d_loop_rich_C01__ellipse,116861,12,negative,not_selected,not_selected,position_negative_original4m,False,True,True,1
S08_3d_loop_rich_C01__ellipse,116861,13,unknown,not_selected,not_selected,missing_observation_or_exclusion_evidence,False,False,False,0
S08_3d_loop_rich_C01__ellipse,116861,14,positive,matched,matched,position_valid,False,False,False,1
S08_3d_loop_rich_C01__ellipse,116861,15,negative,not_selected,not_selected,position_negative_original4m,False,True,True,1
S08_3d_loop_rich_C01__ellipse,116861,16,unknown,not_selected,not_selected,missing_observation_or_exclusion_evidence,False,False,False,0
S08_3d_loop_rich_C01__ellipse,116861,17,unknown,not_selected,not_selected,missing_observation_or_exclusion_evidence,False,False,False,0
S08_3d_loop_rich_C01__ellipse,116861,18,unknown,not_selected,not_selected,missing_observation_or_exclusion_evidence,False,False,False,0
S08_3d_loop_rich_C01__ellipse,116861,19,unknown,not_selected,not_selected,missing_observation_or_exclusion_evidence,False,False,False,0
S08_3d_loop_rich_C01__ellipse,116861,20,negative,not_selected,not_selected,position_negative_original4m,False,True,True,1
S08_3d_loop_rich_C01__ellipse,116861,21,unknown,not_selected,not_selected,missing_observation_or_exclusion_evidence,False,False,False,0
S08_3d_loop_rich_C01__ellipse,116861,22,negative,not_selected,not_selected,position_negative_original4m,False,True,True,1
S08_3d_loop_rich_C01__ellipse,116861,23,unknown,not_selected,not_selected,missing_observation_or_exclusion_evidence,False,False,False,0
S08_3d_loop_rich_C01__ellipse,116861,24,unknown,not_selected,not_selected,missing_observation_or_exclusion_evidence,False,False,False,0
S08_3d_loop_rich_C01__ellipse,116861,25,unknown,not_selected,not_selected,missing_observation_or_exclusion_evidence,False,False,False,0
S08_3d_loop_rich_C01__ellipse,116861,26,unknown,not_selected,not_selected,missing_observation_or_exclusion_evidence,False,False,False,0
S08_3d_loop_rich_C01__ellipse,116861,27,unknown,false_positive,false_positive,observed_excluded_at1m_but_not_original4m,True,False,True,1
S08_3d_loop_rich_C01__ellipse,116861,28,negative,not_selected,not_selected,position_negative_original4m,False,True,True,1
S08_3d_loop_rich_C01__ellipse,116861,29,unknown,not_selected,not_selected,missing_observation_or_exclusion_evidence,False,False,False,0
S08_3d_loop_rich_C01__ellipse,116861,30,unknown,not_selected,not_selected,missing_observation_or_exclusion_evidence,False,False,False,0
S08_3d_loop_rich_C01__ellipse,116861,31,unknown,not_selected,not_selected,missing_observation_or_exclusion_evidence,False,False,False,0
S10_3d_complex_C04__ellipse,192651,0,unknown,not_selected,not_selected,missing_observation_or_exclusion_evidence,False,False,False,0
S10_3d_complex_C04__ellipse,192651,1,negative,not_selected,not_selected,position_negative_original4m,False,True,True,1
S10_3d_complex_C04__ellipse,192651,2,negative,not_selected,not_selected,position_negative_original4m,False,True,True,1
S10_3d_complex_C04__ellipse,192651,3,negative,false_positive,false_positive,position_negative_original4m,False,True,True,1
S10_3d_complex_C04__ellipse,192651,4,unknown,not_selected,not_selected,missing_observation_or_exclusion_evidence,False,False,False,0
S10_3d_complex_C04__ellipse,192651,5,negative,not_selected,not_selected,position_negative_original4m,False,True,True,1
S10_3d_complex_C04__ellipse,192651,6,unknown,unresolved,unresolved,missing_observation_or_exclusion_evidence,False,False,False,0
S10_3d_complex_C04__ellipse,192651,7,negative,not_selected,not_selected,position_negative_original4m,False,True,True,1
S10_3d_complex_C04__ellipse,192651,8,negative,not_selected,not_selected,position_negative_original4m,False,True,True,1
S10_3d_complex_C04__ellipse,192651,9,positive,matched,matched,position_valid,False,False,False,1
S10_3d_complex_C04__ellipse,192651,10,unknown,not_selected,not_selected,missing_observation_or_exclusion_evidence,False,False,False,0
S10_3d_complex_C04__ellipse,192651,11,negative,not_selected,not_selected,position_negative_original4m,False,True,True,1
S10_3d_complex_C04__ellipse,192651,12,negative,not_selected,not_selected,position_negative_original4m,False,True,True,1
S10_3d_complex_C04__ellipse,192651,13,unknown,unresolved,unresolved,missing_observation_or_exclusion_evidence,False,False,False,0
S10_3d_complex_C04__ellipse,192651,14,unknown,not_selected,not_selected,missing_observation_or_exclusion_evidence,False,False,False,0
S10_3d_complex_C04__ellipse,192651,15,unknown,not_selected,not_selected,missing_observation_or_exclusion_evidence,False,False,False,0
S10_3d_complex_C04__ellipse,192651,16,unknown,not_selected,not_selected,missing_observation_or_exclusion_evidence,False,False,False,0
S10_3d_complex_C04__ellipse,192651,17,negative,false_positive,false_positive,position_negative_original4m,False,True,True,1
S10_3d_complex_C04__ellipse,192651,18,unknown,not_selected,not_selected,missing_observation_or_exclusion_evidence,False,False,False,0
S10_3d_complex_C04__ellipse,192651,19,unknown,not_selected,not_selected,missing_observation_or_exclusion_evidence,False,False,False,0
S10_3d_complex_C04__ellipse,192651,20,negative,not_selected,not_selected,position_negative_original4m,False,True,True,1
S10_3d_complex_C04__ellipse,192651,21,negative,not_selected,not_selected,position_negative_original4m,False,True,True,1
S10_3d_complex_C04__ellipse,192651,22,negative,not_selected,not_selected,position_negative_original4m,False,True,True,1
S10_3d_complex_C04__ellipse,192651,23,unknown,not_selected,not_selected,observed_excluded_at1m_but_not_original4m,True,False,True,1
S10_3d_complex_C04__ellipse,192651,24,negative,not_selected,not_selected,position_negative_original4m,False,True,True,1
S10_3d_complex_C04__ellipse,192651,25,negative,not_selected,not_selected,position_negative_original4m,False,True,True,1
S10_3d_complex_C04__ellipse,192651,26,unknown,not_selected,not_selected,missing_observation_or_exclusion_evidence,False,False,False,0
S10_3d_complex_C04__ellipse,192651,27,negative,not_selected,not_selected,position_negative_original4m,False,True,True,1
S10_3d_complex_C04__ellipse,192651,28,negative,not_selected,not_selected,position_negative_original4m,False,True,True,1
S10_3d_complex_C04__ellipse,192651,29,negative,not_selected,not_selected,position_negative_original4m,False,True,True,1
S10_3d_complex_C04__ellipse,192651,30,unknown,not_selected,not_selected,missing_observation_or_exclusion_evidence,False,False,False,0
S10_3d_complex_C04__ellipse,192651,31,unknown,not_selected,not_selected,missing_observation_or_exclusion_evidence,False,False,False,0
S03_flat_unicyclic_small_C04__rounded_rectangle,29342,0,unknown,false_positive,false_positive,observed_excluded_at1m_but_not_original4m,True,False,True,1
S03_flat_unicyclic_small_C04__rounded_rectangle,29342,1,unknown,not_selected,not_selected,missing_observation_or_exclusion_evidence,False,False,False,0
S03_flat_unicyclic_small_C04__rounded_rectangle,29342,2,negative,not_selected,not_selected,position_negative_original4m,False,True,True,1
S03_flat_unicyclic_small_C04__rounded_rectangle,29342,3,negative,not_selected,not_selected,position_negative_original4m,False,True,True,1
S03_flat_unicyclic_small_C04__rounded_rectangle,29342,4,unknown,not_selected,not_selected,missing_observation_or_exclusion_evidence,False,False,False,0
S03_flat_unicyclic_small_C04__rounded_rectangle,29342,5,unknown,not_selected,not_selected,missing_observation_or_exclusion_evidence,False,False,False,0
S03_flat_unicyclic_small_C04__rounded_rectangle,29342,6,unknown,not_selected,not_selected,missing_observation_or_exclusion_evidence,False,False,False,0
S03_flat_unicyclic_small_C04__rounded_rectangle,29342,7,negative,not_selected,not_selected,position_negative_original4m,False,True,True,1
S03_flat_unicyclic_small_C04__rounded_rectangle,29342,8,unknown,not_selected,not_selected,missing_observation_or_exclusion_evidence,False,False,False,0
S03_flat_unicyclic_small_C04__rounded_rectangle,29342,9,negative,not_selected,not_selected,position_negative_original4m,False,True,True,1
S03_flat_unicyclic_small_C04__rounded_rectangle,29342,10,unknown,not_selected,not_selected,missing_observation_or_exclusion_evidence,False,False,False,0
S03_flat_unicyclic_small_C04__rounded_rectangle,29342,11,unknown,not_selected,not_selected,missing_observation_or_exclusion_evidence,False,False,False,0
S03_flat_unicyclic_small_C04__rounded_rectangle,29342,12,positive,matched,matched,position_valid,False,False,False,1
S03_flat_unicyclic_small_C04__rounded_rectangle,29342,13,unknown,not_selected,not_selected,missing_observation_or_exclusion_evidence,False,False,False,0
S03_flat_unicyclic_small_C04__rounded_rectangle,29342,14,unknown,not_selected,not_selected,missing_observation_or_exclusion_evidence,False,False,False,0
S03_flat_unicyclic_small_C04__rounded_rectangle,29342,15,unknown,not_selected,not_selected,missing_observation_or_exclusion_evidence,False,False,False,0
S03_flat_unicyclic_small_C04__rounded_rectangle,29342,16,unknown,not_selected,not_selected,missing_observation_or_exclusion_evidence,False,False,False,0
S03_flat_unicyclic_small_C04__rounded_rectangle,29342,17,negative,not_selected,not_selected,position_negative_original4m,False,True,True,1
S03_flat_unicyclic_small_C04__rounded_rectangle,29342,18,negative,not_selected,not_selected,position_negative_original4m,False,True,True,1
S03_flat_unicyclic_small_C04__rounded_rectangle,29342,19,negative,not_selected,not_selected,position_negative_original4m,False,True,True,1
S03_flat_unicyclic_small_C04__rounded_rectangle,29342,20,negative,not_selected,not_selected,position_negative_original4m,False,True,True,1
S03_flat_unicyclic_small_C04__rounded_rectangle,29342,21,unknown,not_selected,not_selected,missing_observation_or_exclusion_evidence,False,False,False,0
S03_flat_unicyclic_small_C04__rounded_rectangle,29342,22,unknown,not_selected,not_selected,missing_observation_or_exclusion_evidence,False,False,False,0
S03_flat_unicyclic_small_C04__rounded_rectangle,29342,23,negative,not_selected,not_selected,position_negative_original4m,False,True,True,1
S03_flat_unicyclic_small_C04__rounded_rectangle,29342,24,negative,not_selected,not_selected,position_negative_original4m,False,True,True,1
S03_flat_unicyclic_small_C04__rounded_rectangle,29342,25,negative,not_selected,not_selected,position_negative_original4m,False,True,True,1
S03_flat_unicyclic_small_C04__rounded_rectangle,29342,26,negative,not_selected,not_selected,position_negative_original4m,False,True,True,1
S03_flat_unicyclic_small_C04__rounded_rectangle,29342,27,negative,not_selected,not_selected,position_negative_original4m,False,True,True,1
S03_flat_unicyclic_small_C04__rounded_rectangle,29342,28,unknown,not_selected,not_selected,missing_observation_or_exclusion_evidence,False,False,False,0
S03_flat_unicyclic_small_C04__rounded_rectangle,29342,29,negative,not_selected,not_selected,position_negative_original4m,False,True,True,1
S03_flat_unicyclic_small_C04__rounded_rectangle,29342,30,unknown,not_selected,not_selected,observed_excluded_at1m_but_not_original4m,True,False,True,1
S03_flat_unicyclic_small_C04__rounded_rectangle,29342,31,negative,not_selected,not_selected,position_negative_original4m,False,True,True,1
S02_3d_tree_small_C05__c1_mixed,16703,0,unknown,unresolved,unresolved,observed_excluded_at1m_but_not_original4m,False,False,True,1
S02_3d_tree_small_C05__c1_mixed,16703,1,unknown,not_selected,not_selected,missing_observation_or_exclusion_evidence,False,False,False,0
S02_3d_tree_small_C05__c1_mixed,16703,2,unknown,not_selected,not_selected,missing_observation_or_exclusion_evidence,False,False,False,0
S02_3d_tree_small_C05__c1_mixed,16703,3,unknown,not_selected,not_selected,missing_observation_or_exclusion_evidence,False,False,False,0
S02_3d_tree_small_C05__c1_mixed,16703,4,unknown,not_selected,not_selected,missing_observation_or_exclusion_evidence,False,False,False,0
S02_3d_tree_small_C05__c1_mixed,16703,5,negative,not_selected,not_selected,position_negative_original4m,False,True,True,1
S02_3d_tree_small_C05__c1_mixed,16703,6,negative,not_selected,not_selected,position_negative_original4m,False,True,True,1
S02_3d_tree_small_C05__c1_mixed,16703,7,unknown,not_selected,not_selected,missing_observation_or_exclusion_evidence,False,False,False,0
S02_3d_tree_small_C05__c1_mixed,16703,8,unknown,not_selected,not_selected,missing_observation_or_exclusion_evidence,False,False,False,0
S02_3d_tree_small_C05__c1_mixed,16703,9,unknown,not_selected,not_selected,missing_observation_or_exclusion_evidence,False,False,False,0
S02_3d_tree_small_C05__c1_mixed,16703,10,unknown,not_selected,not_selected,missing_observation_or_exclusion_evidence,False,False,False,0
S02_3d_tree_small_C05__c1_mixed,16703,11,unknown,not_selected,not_selected,missing_observation_or_exclusion_evidence,False,False,False,0
S02_3d_tree_small_C05__c1_mixed,16703,12,unknown,not_selected,not_selected,missing_observation_or_exclusion_evidence,False,False,False,0
S02_3d_tree_small_C05__c1_mixed,16703,13,positive,matched,matched,position_valid,False,False,False,1
S02_3d_tree_small_C05__c1_mixed,16703,14,negative,not_selected,not_selected,position_negative_original4m,False,True,True,1
S02_3d_tree_small_C05__c1_mixed,16703,15,unknown,not_selected,not_selected,missing_observation_or_exclusion_evidence,False,False,False,0
S02_3d_tree_small_C05__c1_mixed,16703,16,unknown,not_selected,not_selected,missing_observation_or_exclusion_evidence,False,False,False,0
S02_3d_tree_small_C05__c1_mixed,16703,17,unknown,not_selected,not_selected,missing_observation_or_exclusion_evidence,False,False,False,0
S02_3d_tree_small_C05__c1_mixed,16703,18,unknown,not_selected,not_selected,missing_observation_or_exclusion_evidence,False,False,False,0
S02_3d_tree_small_C05__c1_mixed,16703,19,unknown,not_selected,not_selected,missing_observation_or_exclusion_evidence,False,False,False,0
S02_3d_tree_small_C05__c1_mixed,16703,20,negative,not_selected,not_selected,position_negative_original4m,False,True,True,1
S02_3d_tree_small_C05__c1_mixed,16703,21,unknown,not_selected,not_selected,missing_observation_or_exclusion_evidence,False,False,False,0
S02_3d_tree_small_C05__c1_mixed,16703,22,unknown,not_selected,not_selected,missing_observation_or_exclusion_evidence,False,False,False,0
S02_3d_tree_small_C05__c1_mixed,16703,23,unknown,false_positive,false_positive,observed_excluded_at1m_but_not_original4m,True,False,True,1
S02_3d_tree_small_C05__c1_mixed,16703,24,unknown,not_selected,not_selected,missing_observation_or_exclusion_evidence,False,False,False,0
S02_3d_tree_small_C05__c1_mixed,16703,25,unknown,not_selected,not_selected,missing_observation_or_exclusion_evidence,False,False,False,0
S02_3d_tree_small_C05__c1_mixed,16703,26,unknown,not_selected,not_selected,missing_observation_or_exclusion_evidence,False,False,False,0
S02_3d_tree_small_C05__c1_mixed,16703,27,unknown,not_selected,not_selected,missing_observation_or_exclusion_evidence,False,False,False,0
S02_3d_tree_small_C05__c1_mixed,16703,28,unknown,not_selected,not_selected,observed_excluded_at1m_but_not_original4m,True,False,True,1
S02_3d_tree_small_C05__c1_mixed,16703,29,unknown,false_positive,false_positive,observed_excluded_at1m_but_not_original4m,True,False,True,1
S02_3d_tree_small_C05__c1_mixed,16703,30,unknown,not_selected,not_selected,missing_observation_or_exclusion_evidence,False,False,False,0
S02_3d_tree_small_C05__c1_mixed,16703,31,unknown,not_selected,not_selected,missing_observation_or_exclusion_evidence,False,False,False,0
S10_3d_complex_C04__rounded_rectangle,192653,0,unknown,false_positive,false_positive,observed_excluded_at1m_but_not_original4m,True,False,True,1
S10_3d_complex_C04__rounded_rectangle,192653,1,unknown,not_selected,not_selected,missing_observation_or_exclusion_evidence,False,False,False,0
S10_3d_complex_C04__rounded_rectangle,192653,2,unknown,not_selected,not_selected,missing_observation_or_exclusion_evidence,False,False,False,0
S10_3d_complex_C04__rounded_rectangle,192653,3,unknown,not_selected,not_selected,missing_observation_or_exclusion_evidence,False,False,False,0
S10_3d_complex_C04__rounded_rectangle,192653,4,unknown,not_selected,not_selected,missing_observation_or_exclusion_evidence,False,False,False,0
S10_3d_complex_C04__rounded_rectangle,192653,5,negative,not_selected,not_selected,position_negative_original4m,False,True,True,1
S10_3d_complex_C04__rounded_rectangle,192653,6,unknown,not_selected,not_selected,missing_observation_or_exclusion_evidence,False,False,False,0
S10_3d_complex_C04__rounded_rectangle,192653,7,unknown,unresolved,unresolved,missing_observation_or_exclusion_evidence,False,False,False,0
S10_3d_complex_C04__rounded_rectangle,192653,8,negative,not_selected,not_selected,position_negative_original4m,False,True,True,1
S10_3d_complex_C04__rounded_rectangle,192653,9,unknown,not_selected,not_selected,missing_observation_or_exclusion_evidence,False,False,False,0
S10_3d_complex_C04__rounded_rectangle,192653,10,unknown,not_selected,not_selected,missing_observation_or_exclusion_evidence,False,False,False,0
S10_3d_complex_C04__rounded_rectangle,192653,11,negative,not_selected,not_selected,position_negative_original4m,False,True,True,2
S10_3d_complex_C04__rounded_rectangle,192653,12,unknown,not_selected,not_selected,missing_observation_or_exclusion_evidence,False,False,False,0
S10_3d_complex_C04__rounded_rectangle,192653,13,negative,not_selected,not_selected,position_negative_original4m,False,True,True,2
S10_3d_complex_C04__rounded_rectangle,192653,14,unknown,unresolved,false_positive,missing_observation_or_exclusion_evidence,False,False,False,0
S10_3d_complex_C04__rounded_rectangle,192653,15,unknown,unresolved,unresolved,missing_observation_or_exclusion_evidence,False,False,False,0
S10_3d_complex_C04__rounded_rectangle,192653,16,unknown,not_selected,not_selected,missing_observation_or_exclusion_evidence,False,False,False,0
S10_3d_complex_C04__rounded_rectangle,192653,17,unknown,not_selected,not_selected,missing_observation_or_exclusion_evidence,False,False,False,0
S10_3d_complex_C04__rounded_rectangle,192653,18,unknown,not_selected,not_selected,missing_observation_or_exclusion_evidence,False,False,False,0
S10_3d_complex_C04__rounded_rectangle,192653,19,negative,not_selected,not_selected,position_negative_original4m,False,True,True,1
S10_3d_complex_C04__rounded_rectangle,192653,20,unknown,not_selected,not_selected,missing_observation_or_exclusion_evidence,False,False,False,0
S10_3d_complex_C04__rounded_rectangle,192653,21,unknown,not_selected,not_selected,missing_observation_or_exclusion_evidence,False,False,False,0
S10_3d_complex_C04__rounded_rectangle,192653,22,unknown,not_selected,not_selected,missing_observation_or_exclusion_evidence,False,False,False,0
S10_3d_complex_C04__rounded_rectangle,192653,23,negative,not_selected,not_selected,position_negative_original4m,False,True,True,1
S10_3d_complex_C04__rounded_rectangle,192653,24,unknown,not_selected,not_selected,missing_observation_or_exclusion_evidence,False,False,False,0
S10_3d_complex_C04__rounded_rectangle,192653,25,unknown,not_selected,not_selected,missing_observation_or_exclusion_evidence,False,False,False,0
S10_3d_complex_C04__rounded_rectangle,192653,26,unknown,not_selected,not_selected,missing_observation_or_exclusion_evidence,False,False,False,0
S10_3d_complex_C04__rounded_rectangle,192653,27,unknown,not_selected,not_selected,missing_observation_or_exclusion_evidence,False,False,False,0
S10_3d_complex_C04__rounded_rectangle,192653,28,unknown,not_selected,not_selected,missing_observation_or_exclusion_evidence,False,False,False,0
S10_3d_complex_C04__rounded_rectangle,192653,29,unknown,unresolved,false_positive,missing_observation_or_exclusion_evidence,False,False,False,0
S10_3d_complex_C04__rounded_rectangle,192653,30,positive,matched,matched,position_valid,False,False,False,1
S10_3d_complex_C04__rounded_rectangle,192653,31,unknown,not_selected,not_selected,missing_observation_or_exclusion_evidence,False,False,False,0
S10_3d_complex_C04__ellipse,192652,0,unknown,not_selected,not_selected,missing_observation_or_exclusion_evidence,False,False,False,0
S10_3d_complex_C04__ellipse,192652,1,unknown,not_selected,not_selected,missing_observation_or_exclusion_evidence,False,False,False,0
S10_3d_complex_C04__ellipse,192652,2,negative,not_selected,not_selected,position_negative_original4m,False,True,True,1
S10_3d_complex_C04__ellipse,192652,3,negative,not_selected,not_selected,position_negative_original4m,False,True,True,1
S10_3d_complex_C04__ellipse,192652,4,unknown,not_selected,not_selected,missing_observation_or_exclusion_evidence,False,False,False,0
S10_3d_complex_C04__ellipse,192652,5,unknown,not_selected,not_selected,missing_observation_or_exclusion_evidence,False,False,False,0
S10_3d_complex_C04__ellipse,192652,6,negative,not_selected,not_selected,position_negative_original4m,False,True,True,1
S10_3d_complex_C04__ellipse,192652,7,unknown,not_selected,not_selected,missing_observation_or_exclusion_evidence,False,False,False,0
S10_3d_complex_C04__ellipse,192652,8,unknown,not_selected,not_selected,observed_excluded_at1m_but_not_original4m,False,False,True,1
S10_3d_complex_C04__ellipse,192652,9,unknown,not_selected,not_selected,missing_observation_or_exclusion_evidence,False,False,False,0
S10_3d_complex_C04__ellipse,192652,10,negative,not_selected,not_selected,position_negative_original4m,False,True,True,1
S10_3d_complex_C04__ellipse,192652,11,negative,not_selected,not_selected,position_negative_original4m,False,True,True,1
S10_3d_complex_C04__ellipse,192652,12,negative,not_selected,not_selected,position_negative_original4m,False,True,True,1
S10_3d_complex_C04__ellipse,192652,13,negative,not_selected,not_selected,position_negative_original4m,False,True,True,1
S10_3d_complex_C04__ellipse,192652,14,unknown,not_selected,not_selected,missing_observation_or_exclusion_evidence,False,False,False,0
S10_3d_complex_C04__ellipse,192652,15,unknown,not_selected,not_selected,missing_observation_or_exclusion_evidence,False,False,False,0
S10_3d_complex_C04__ellipse,192652,16,unknown,not_selected,not_selected,missing_observation_or_exclusion_evidence,False,False,False,0
S10_3d_complex_C04__ellipse,192652,17,negative,not_selected,not_selected,position_negative_original4m,False,True,True,1
S10_3d_complex_C04__ellipse,192652,18,unknown,not_selected,not_selected,missing_observation_or_exclusion_evidence,False,False,False,0
S10_3d_complex_C04__ellipse,192652,19,negative,not_selected,not_selected,position_negative_original4m,False,True,True,2
S10_3d_complex_C04__ellipse,192652,20,negative,not_selected,not_selected,position_negative_original4m,False,True,True,1
S10_3d_complex_C04__ellipse,192652,21,negative,not_selected,not_selected,position_negative_original4m,False,True,True,1
S10_3d_complex_C04__ellipse,192652,22,unknown,not_selected,not_selected,missing_observation_or_exclusion_evidence,False,False,False,0
S10_3d_complex_C04__ellipse,192652,23,unknown,not_selected,not_selected,missing_observation_or_exclusion_evidence,False,False,False,0
S10_3d_complex_C04__ellipse,192652,24,unknown,not_selected,not_selected,missing_observation_or_exclusion_evidence,False,False,False,0
S10_3d_complex_C04__ellipse,192652,25,negative,not_selected,not_selected,position_negative_original4m,False,True,True,1
S10_3d_complex_C04__ellipse,192652,26,negative,not_selected,not_selected,position_negative_original4m,False,True,True,1
S10_3d_complex_C04__ellipse,192652,27,negative,not_selected,not_selected,position_negative_original4m,False,True,True,1
S10_3d_complex_C04__ellipse,192652,28,negative,not_selected,not_selected,position_negative_original4m,False,True,True,1
S10_3d_complex_C04__ellipse,192652,29,negative,not_selected,not_selected,position_negative_original4m,False,True,True,1
S10_3d_complex_C04__ellipse,192652,30,negative,not_selected,not_selected,position_negative_original4m,False,True,True,1
S10_3d_complex_C04__ellipse,192652,31,negative,not_selected,not_selected,position_negative_original4m,False,True,True,1
S06_3d_branch_medium_C02__rounded_rectangle,72155,0,unknown,not_selected,not_selected,missing_observation_or_exclusion_evidence,False,False,False,0
S06_3d_branch_medium_C02__rounded_rectangle,72155,1,negative,not_selected,not_selected,position_negative_original4m,False,True,True,1
S06_3d_branch_medium_C02__rounded_rectangle,72155,2,unknown,not_selected,not_selected,missing_observation_or_exclusion_evidence,False,False,False,0
S06_3d_branch_medium_C02__rounded_rectangle,72155,3,unknown,not_selected,not_selected,missing_observation_or_exclusion_evidence,False,False,False,0
S06_3d_branch_medium_C02__rounded_rectangle,72155,4,unknown,not_selected,not_selected,missing_observation_or_exclusion_evidence,False,False,False,0
S06_3d_branch_medium_C02__rounded_rectangle,72155,5,unknown,not_selected,not_selected,missing_observation_or_exclusion_evidence,False,False,False,0
S06_3d_branch_medium_C02__rounded_rectangle,72155,6,unknown,not_selected,not_selected,missing_observation_or_exclusion_evidence,False,False,False,0
S06_3d_branch_medium_C02__rounded_rectangle,72155,7,unknown,not_selected,not_selected,missing_observation_or_exclusion_evidence,False,False,False,0
S06_3d_branch_medium_C02__rounded_rectangle,72155,8,unknown,not_selected,not_selected,missing_observation_or_exclusion_evidence,False,False,False,0
S06_3d_branch_medium_C02__rounded_rectangle,72155,9,unknown,not_selected,not_selected,missing_observation_or_exclusion_evidence,False,False,False,0
S06_3d_branch_medium_C02__rounded_rectangle,72155,10,negative,not_selected,not_selected,position_negative_original4m,False,True,True,1
S06_3d_branch_medium_C02__rounded_rectangle,72155,11,unknown,not_selected,not_selected,missing_observation_or_exclusion_evidence,False,False,False,0
S06_3d_branch_medium_C02__rounded_rectangle,72155,12,unknown,not_selected,not_selected,missing_observation_or_exclusion_evidence,False,False,False,0
S06_3d_branch_medium_C02__rounded_rectangle,72155,13,negative,not_selected,not_selected,position_negative_original4m,False,True,True,1
S06_3d_branch_medium_C02__rounded_rectangle,72155,14,unknown,not_selected,not_selected,missing_observation_or_exclusion_evidence,False,False,False,0
S06_3d_branch_medium_C02__rounded_rectangle,72155,15,unknown,not_selected,not_selected,missing_observation_or_exclusion_evidence,False,False,False,0
S06_3d_branch_medium_C02__rounded_rectangle,72155,16,unknown,not_selected,not_selected,missing_observation_or_exclusion_evidence,False,False,False,0
S06_3d_branch_medium_C02__rounded_rectangle,72155,17,unknown,not_selected,not_selected,missing_observation_or_exclusion_evidence,False,False,False,0
S06_3d_branch_medium_C02__rounded_rectangle,72155,18,negative,not_selected,not_selected,position_negative_original4m,False,True,True,1
S06_3d_branch_medium_C02__rounded_rectangle,72155,19,negative,not_selected,not_selected,position_negative_original4m,False,True,True,1
S06_3d_branch_medium_C02__rounded_rectangle,72155,20,unknown,not_selected,not_selected,missing_observation_or_exclusion_evidence,False,False,False,0
S06_3d_branch_medium_C02__rounded_rectangle,72155,21,unknown,not_selected,not_selected,missing_observation_or_exclusion_evidence,False,False,False,0
S06_3d_branch_medium_C02__rounded_rectangle,72155,22,unknown,not_selected,not_selected,missing_observation_or_exclusion_evidence,False,False,False,0
S06_3d_branch_medium_C02__rounded_rectangle,72155,23,unknown,not_selected,not_selected,missing_observation_or_exclusion_evidence,False,False,False,0
S06_3d_branch_medium_C02__rounded_rectangle,72155,24,unknown,not_selected,not_selected,missing_observation_or_exclusion_evidence,False,False,False,0
S06_3d_branch_medium_C02__rounded_rectangle,72155,25,negative,not_selected,not_selected,position_negative_original4m,False,True,True,1
S06_3d_branch_medium_C02__rounded_rectangle,72155,26,unknown,not_selected,not_selected,missing_observation_or_exclusion_evidence,False,False,False,0
S06_3d_branch_medium_C02__rounded_rectangle,72155,27,unknown,not_selected,not_selected,missing_observation_or_exclusion_evidence,False,False,False,0
S06_3d_branch_medium_C02__rounded_rectangle,72155,28,unknown,not_selected,not_selected,missing_observation_or_exclusion_evidence,False,False,False,0
S06_3d_branch_medium_C02__rounded_rectangle,72155,29,negative,not_selected,not_selected,position_negative_original4m,False,True,True,1
S06_3d_branch_medium_C02__rounded_rectangle,72155,30,unknown,not_selected,not_selected,missing_observation_or_exclusion_evidence,False,False,False,0
S06_3d_branch_medium_C02__rounded_rectangle,72155,31,unknown,not_selected,not_selected,missing_observation_or_exclusion_evidence,False,False,False,0
S06_3d_branch_medium_C02__rounded_rectangle,72157,0,unknown,not_selected,not_selected,missing_observation_or_exclusion_evidence,False,False,False,0
S06_3d_branch_medium_C02__rounded_rectangle,72157,1,unknown,false_positive,false_positive,observed_excluded_at1m_but_not_original4m,True,False,True,1
S06_3d_branch_medium_C02__rounded_rectangle,72157,2,unknown,not_selected,not_selected,missing_observation_or_exclusion_evidence,False,False,False,0
S06_3d_branch_medium_C02__rounded_rectangle,72157,3,unknown,not_selected,not_selected,missing_observation_or_exclusion_evidence,False,False,False,0
S06_3d_branch_medium_C02__rounded_rectangle,72157,4,unknown,not_selected,not_selected,missing_observation_or_exclusion_evidence,False,False,False,0
S06_3d_branch_medium_C02__rounded_rectangle,72157,5,negative,not_selected,not_selected,position_negative_original4m,False,True,True,1
S06_3d_branch_medium_C02__rounded_rectangle,72157,6,unknown,not_selected,not_selected,observed_excluded_at1m_but_not_original4m,True,False,True,1
S06_3d_branch_medium_C02__rounded_rectangle,72157,7,unknown,unresolved,false_positive,missing_observation_or_exclusion_evidence,False,False,False,0
S06_3d_branch_medium_C02__rounded_rectangle,72157,8,unknown,not_selected,not_selected,missing_observation_or_exclusion_evidence,False,False,False,0
S06_3d_branch_medium_C02__rounded_rectangle,72157,9,unknown,not_selected,not_selected,missing_observation_or_exclusion_evidence,False,False,False,0
S06_3d_branch_medium_C02__rounded_rectangle,72157,10,negative,not_selected,not_selected,position_negative_original4m,False,True,True,1
S06_3d_branch_medium_C02__rounded_rectangle,72157,11,unknown,not_selected,not_selected,missing_observation_or_exclusion_evidence,False,False,False,0
S06_3d_branch_medium_C02__rounded_rectangle,72157,12,unknown,not_selected,not_selected,missing_observation_or_exclusion_evidence,False,False,False,0
S06_3d_branch_medium_C02__rounded_rectangle,72157,13,negative,not_selected,not_selected,position_negative_original4m,False,True,True,1
S06_3d_branch_medium_C02__rounded_rectangle,72157,14,positive,matched,matched,position_valid,False,False,False,1
S06_3d_branch_medium_C02__rounded_rectangle,72157,15,unknown,not_selected,not_selected,missing_observation_or_exclusion_evidence,False,False,False,0
S06_3d_branch_medium_C02__rounded_rectangle,72157,16,unknown,not_selected,not_selected,missing_observation_or_exclusion_evidence,False,False,False,0
S06_3d_branch_medium_C02__rounded_rectangle,72157,17,unknown,not_selected,not_selected,missing_observation_or_exclusion_evidence,False,False,False,0
S06_3d_branch_medium_C02__rounded_rectangle,72157,18,negative,not_selected,not_selected,position_negative_original4m,False,True,True,1
S06_3d_branch_medium_C02__rounded_rectangle,72157,19,unknown,not_selected,not_selected,missing_observation_or_exclusion_evidence,False,False,False,0
S06_3d_branch_medium_C02__rounded_rectangle,72157,20,unknown,unresolved,false_positive,missing_observation_or_exclusion_evidence,False,False,False,0
S06_3d_branch_medium_C02__rounded_rectangle,72157,21,unknown,not_selected,not_selected,missing_observation_or_exclusion_evidence,False,False,False,0
S06_3d_branch_medium_C02__rounded_rectangle,72157,22,unknown,not_selected,not_selected,missing_observation_or_exclusion_evidence,False,False,False,0
S06_3d_branch_medium_C02__rounded_rectangle,72157,23,unknown,false_positive,false_positive,observed_excluded_at1m_but_not_original4m,True,False,True,1
S06_3d_branch_medium_C02__rounded_rectangle,72157,24,unknown,false_positive,false_positive,observed_excluded_at1m_but_not_original4m,True,False,True,1
S06_3d_branch_medium_C02__rounded_rectangle,72157,25,unknown,not_selected,not_selected,missing_observation_or_exclusion_evidence,False,False,False,0
S06_3d_branch_medium_C02__rounded_rectangle,72157,26,negative,not_selected,not_selected,position_negative_original4m,False,True,True,1
S06_3d_branch_medium_C02__rounded_rectangle,72157,27,unknown,not_selected,not_selected,missing_observation_or_exclusion_evidence,False,False,False,0
S06_3d_branch_medium_C02__rounded_rectangle,72157,28,unknown,not_selected,not_selected,missing_observation_or_exclusion_evidence,False,False,False,0
S06_3d_branch_medium_C02__rounded_rectangle,72157,29,negative,not_selected,not_selected,position_negative_original4m,False,True,True,1
S06_3d_branch_medium_C02__rounded_rectangle,72157,30,negative,not_selected,not_selected,position_negative_original4m,False,True,True,1
S06_3d_branch_medium_C02__rounded_rectangle,72157,31,unknown,not_selected,not_selected,missing_observation_or_exclusion_evidence,False,False,False,0
S06_3d_branch_medium_C02__ellipse,72159,0,unknown,not_selected,not_selected,missing_observation_or_exclusion_evidence,False,False,False,0
S06_3d_branch_medium_C02__ellipse,72159,1,unknown,false_positive,false_positive,observed_excluded_at1m_but_not_original4m,True,False,True,1
S06_3d_branch_medium_C02__ellipse,72159,2,unknown,not_selected,not_selected,missing_observation_or_exclusion_evidence,False,False,False,0
S06_3d_branch_medium_C02__ellipse,72159,3,negative,not_selected,not_selected,position_negative_original4m,False,True,True,1
S06_3d_branch_medium_C02__ellipse,72159,4,unknown,not_selected,not_selected,missing_observation_or_exclusion_evidence,False,False,False,0
S06_3d_branch_medium_C02__ellipse,72159,5,unknown,unresolved,unresolved,missing_observation_or_exclusion_evidence,False,False,False,0
S06_3d_branch_medium_C02__ellipse,72159,6,unknown,not_selected,not_selected,missing_observation_or_exclusion_evidence,False,False,False,0
S06_3d_branch_medium_C02__ellipse,72159,7,unknown,not_selected,not_selected,missing_observation_or_exclusion_evidence,False,False,False,0
S06_3d_branch_medium_C02__ellipse,72159,8,unknown,unresolved,unresolved,missing_observation_or_exclusion_evidence,False,False,False,0
S06_3d_branch_medium_C02__ellipse,72159,9,unknown,not_selected,not_selected,missing_observation_or_exclusion_evidence,False,False,False,0
S06_3d_branch_medium_C02__ellipse,72159,10,unknown,not_selected,not_selected,observed_excluded_at1m_but_not_original4m,True,False,True,1
S06_3d_branch_medium_C02__ellipse,72159,11,negative,not_selected,not_selected,position_negative_original4m,False,True,True,1
S06_3d_branch_medium_C02__ellipse,72159,12,unknown,not_selected,not_selected,missing_observation_or_exclusion_evidence,False,False,False,0
S06_3d_branch_medium_C02__ellipse,72159,13,unknown,not_selected,not_selected,missing_observation_or_exclusion_evidence,False,False,False,0
S06_3d_branch_medium_C02__ellipse,72159,14,unknown,not_selected,not_selected,missing_observation_or_exclusion_evidence,False,False,False,0
S06_3d_branch_medium_C02__ellipse,72159,15,unknown,not_selected,not_selected,missing_observation_or_exclusion_evidence,False,False,False,0
S06_3d_branch_medium_C02__ellipse,72159,16,unknown,false_positive,false_positive,observed_excluded_at1m_but_not_original4m,True,False,True,1
S06_3d_branch_medium_C02__ellipse,72159,17,negative,not_selected,not_selected,position_negative_original4m,False,True,True,1
S06_3d_branch_medium_C02__ellipse,72159,18,unknown,not_selected,not_selected,missing_observation_or_exclusion_evidence,False,False,False,0
S06_3d_branch_medium_C02__ellipse,72159,19,unknown,not_selected,not_selected,missing_observation_or_exclusion_evidence,False,False,False,0
S06_3d_branch_medium_C02__ellipse,72159,20,negative,not_selected,not_selected,position_negative_original4m,False,True,True,1
S06_3d_branch_medium_C02__ellipse,72159,21,unknown,not_selected,not_selected,missing_observation_or_exclusion_evidence,False,False,False,0
S06_3d_branch_medium_C02__ellipse,72159,22,unknown,not_selected,not_selected,observed_excluded_at1m_but_not_original4m,True,False,True,1
S06_3d_branch_medium_C02__ellipse,72159,23,unknown,not_selected,not_selected,missing_observation_or_exclusion_evidence,False,False,False,0
S06_3d_branch_medium_C02__ellipse,72159,24,unknown,not_selected,not_selected,missing_observation_or_exclusion_evidence,False,False,False,0
S06_3d_branch_medium_C02__ellipse,72159,25,unknown,false_positive,false_positive,observed_excluded_at1m_but_not_original4m,True,False,True,1
S06_3d_branch_medium_C02__ellipse,72159,26,unknown,not_selected,not_selected,missing_observation_or_exclusion_evidence,False,False,False,0
S06_3d_branch_medium_C02__ellipse,72159,27,negative,not_selected,not_selected,position_negative_original4m,False,True,True,1
S06_3d_branch_medium_C02__ellipse,72159,28,unknown,false_positive,false_positive,observed_excluded_at1m_but_not_original4m,True,False,True,1
S06_3d_branch_medium_C02__ellipse,72159,29,negative,not_selected,not_selected,position_negative_original4m,False,True,True,1
S06_3d_branch_medium_C02__ellipse,72159,30,positive,matched,matched,position_valid,False,False,False,1
S06_3d_branch_medium_C02__ellipse,72159,31,unknown,not_selected,not_selected,missing_observation_or_exclusion_evidence,False,False,False,0
