pose_index,frame_index,route_arc_m,edge_id,tunnel_id,z_offset_m,candidate_sensor_z_m,horizontal_clearance_m,downward_distance_m,upward_distance_m,vertical_evidence_complete,floor_following_passed,feasible
0,6,12.0,edge_0000,129,-1.0,-33.399305956552716,0.9777858257293701,inf,0.43694373965263367,False,False,False
0,6,12.0,edge_0000,129,-0.95,-33.34930595655272,0.548103928565979,inf,0.38694068789482117,False,False,False
0,6,12.0,edge_0000,129,-0.9,-33.299305956552715,0.45399829745292664,inf,0.33694151043891907,False,False,False
0,6,12.0,edge_0000,129,-0.85,-33.24930595655272,0.3383566439151764,inf,0.2869422733783722,False,False,False
0,6,12.0,edge_0000,129,-0.8,-33.19930595655271,0.30223724246025085,inf,0.23694302141666412,False,False,False
0,6,12.0,edge_0000,129,-0.75,-33.149305956552716,0.26623043417930603,inf,0.18694378435611725,False,False,False
0,6,12.0,edge_0000,129,-0.7,-33.09930595655272,0.23022091388702393,inf,0.13694071769714355,False,False,False
0,6,12.0,edge_0000,129,-0.65,-33.049305956552715,0.19276368618011475,inf,0.08694148808717728,False,False,False
0,6,12.0,edge_0000,129,-0.6,-32.99930595655272,0.08190707862377167,inf,0.036942243576049805,False,False,False
0,6,12.0,edge_0000,129,-0.55,-32.94930595655271,0.015065309591591358,0.013056994415819645,3.977787971496582,True,False,False
0,6,12.0,edge_0000,129,-0.5,-32.899305956552716,0.06093002110719681,0.06305623054504395,3.927788734436035,True,False,False
0,6,12.0,edge_0000,129,-0.45,-32.84930595655272,0.10679823160171509,0.11305928230285645,3.8777856826782227,True,False,False
0,6,12.0,edge_0000,129,-0.4,-32.799305956552715,0.1526629477739334,0.16305848956108093,3.8277862071990967,True,False,False
0,6,12.0,edge_0000,129,-0.35,-32.74930595655272,0.19852764904499054,0.2130577266216278,3.777787208557129,True,False,False
0,6,12.0,edge_0000,129,-0.3,-32.69930595655271,0.24439235031604767,0.2630569636821747,3.727787971496582,True,False,False
0,6,12.0,edge_0000,129,-0.25,-32.649305956552716,0.29603537917137146,0.31305620074272156,3.677788496017456,True,False,False
0,6,12.0,edge_0000,129,-0.2,-32.59930595655272,0.35669732093811035,0.36305928230285645,3.6277854442596436,True,False,False
0,6,12.0,edge_0000,129,-0.15,-32.549305956552715,0.4197060763835907,0.4130585193634033,3.5777862071990967,True,False,False
0,6,12.0,edge_0000,129,-0.1,-32.49930595655272,0.48294124007225037,0.4630577862262726,3.527787208557129,True,False,False
0,6,12.0,edge_0000,129,-0.05,-32.44930595655271,0.5536577701568604,0.5130569934844971,3.477787733078003,True,False,False
0,6,12.0,edge_0000,129,0.0,-32.399305956552716,0.631976306438446,0.5630562901496887,3.427788496017456,True,False,False
0,6,12.0,edge_0000,129,0.05,-32.34930595655272,1.3561116456985474,0.6130593419075012,3.3777856826782227,True,False,False
0,6,12.0,edge_0000,129,0.1,-32.299305956552715,1.4057987928390503,0.6630585789680481,3.3277862071990967,True,False,False
0,6,12.0,edge_0000,129,0.15,-32.24930595655272,1.4564653635025024,0.713057816028595,3.27778697013855,True,False,False
0,6,12.0,edge_0000,129,0.2,-32.19930595655271,1.511785864830017,0.7630570530891418,3.227787971496582,True,False,False
0,6,12.0,edge_0000,129,0.25,-32.149305956552716,1.7422540187835693,0.8130562901496887,3.177788734436035,True,False,False
0,6,12.0,edge_0000,129,0.3,-32.09930595655272,1.941919207572937,0.8630593419075012,3.1277854442596436,True,False,False
0,6,12.0,edge_0000,129,0.35,-32.049305956552715,2.0001330375671387,0.9130585789680481,3.0777862071990967,True,False,False
0,6,12.0,edge_0000,129,0.4,-31.999305956552718,2.045281171798706,0.963057816028595,3.027787208557129,True,True,True
0,6,12.0,edge_0000,129,0.45,-31.949305956552717,2.097612142562866,1.0130571126937866,2.977787971496582,True,True,True
0,6,12.0,edge_0000,129,0.5,-31.899305956552716,2.153468132019043,1.0630581378936768,2.9277868270874023,True,False,False
0,6,12.0,edge_0000,129,0.55,-31.849305956552715,2.200660467147827,1.1130574941635132,2.8777873516082764,True,False,False
0,6,12.0,edge_0000,129,0.6,-31.799305956552715,2.248239755630493,1.16305673122406,2.8277881145477295,True,False,False
0,6,12.0,edge_0000,129,0.65,-31.749305956552718,2.2962210178375244,1.2130577564239502,2.77778697013855,True,False,False
0,6,12.0,edge_0000,129,0.7,-31.699305956552717,2.3337061405181885,1.2630568742752075,2.727787733078003,True,False,False
0,6,12.0,edge_0000,129,0.75,-31.649305956552716,2.3660149574279785,1.3130581378936768,2.6777865886688232,True,False,False
0,6,12.0,edge_0000,129,0.8,-31.599305956552715,2.389139413833618,1.3630573749542236,2.6277873516082764,True,False,False
0,6,12.0,edge_0000,129,0.85,-31.549305956552715,2.412263870239258,1.4130566120147705,2.5777883529663086,True,False,False
0,6,12.0,edge_0000,129,0.9,-31.499305956552718,2.435389518737793,1.4630577564239502,2.52778697013855,True,False,False
0,6,12.0,edge_0000,129,0.95,-31.449305956552717,2.4585139751434326,1.513056993484497,2.477787971496582,True,False,False
0,6,12.0,edge_0000,129,1.0,-31.399305956552716,2.4816393852233887,1.5630581378936768,2.4277865886688232,True,False,False
0,6,12.0,edge_0000,129,1.05,-31.349305956552715,2.5047638416290283,1.6130573749542236,2.3777875900268555,True,False,False
0,6,12.0,edge_0000,129,1.1,-31.299305956552715,2.527888536453247,1.6630566120147705,2.3277881145477295,True,False,False
0,6,12.0,edge_0000,129,1.15,-31.249305956552718,2.551107406616211,1.7130576372146606,2.277787208557129,True,False,False
0,6,12.0,edge_0000,129,1.2,-31.199305956552717,2.577413320541382,1.7630568742752075,2.227787971496582,True,False,False
0,6,12.0,edge_0000,129,1.25,-31.149305956552716,2.620594024658203,1.8130581378936768,2.1777868270874023,True,False,False
0,6,12.0,edge_0000,129,1.3,-31.099305956552715,2.6654975414276123,1.8630573749542236,2.1277875900268555,True,False,False
0,6,12.0,edge_0000,129,1.35,-31.049305956552715,2.6781046390533447,1.9130566120147705,2.0777881145477295,True,False,False
0,6,12.0,edge_0000,129,1.4,-30.999305956552718,2.652254343032837,1.9630577564239502,2.027787208557129,True,False,False
0,6,12.0,edge_0000,129,1.45,-30.949305956552717,2.6306545734405518,2.013056993484497,1.9777878522872925,True,False,False
0,6,12.0,edge_0000,129,1.5,-30.899305956552716,2.6124894618988037,2.0630581378936768,1.9277868270874023,True,False,False
0,6,12.0,edge_0000,129,1.55,-30.849305956552715,2.6037845611572266,2.1130573749542236,1.877787470817566,True,False,False
0,6,12.0,edge_0000,129,1.6,-30.799305956552715,2.60032057762146,2.1630566120147705,1.827788233757019,True,False,False
0,6,12.0,edge_0000,129,1.65,-30.749305956552718,2.5995004177093506,2.21305775642395,1.7777870893478394,True,False,False
0,6,12.0,edge_0000,129,1.7,-30.699305956552717,2.600074529647827,2.263056993484497,1.7277878522872925,True,False,False
0,6,12.0,edge_0000,129,1.75,-30.649305956552716,2.596750020980835,2.3130581378936768,1.6777868270874023,True,False,False
0,6,12.0,edge_0000,129,1.8,-30.599305956552715,2.597994327545166,2.3630573749542236,1.6277875900268555,True,False,False
0,6,12.0,edge_0000,129,1.85,-30.549305956552715,2.598639965057373,2.4130566120147705,1.5777883529663086,True,False,False
0,6,12.0,edge_0000,129,1.9,-30.499305956552718,2.5954301357269287,2.463057518005371,1.527787208557129,True,False,False
0,6,12.0,edge_0000,129,1.95,-30.449305956552717,2.5974538326263428,2.513056755065918,1.477787971496582,True,False,False
0,6,12.0,edge_0000,129,2.0,-30.399305956552716,2.598273515701294,2.5630581378936768,1.4277868270874023,True,False,False
1,39,78.0,edge_0009,129,-1.0,-30.142909622432516,1.018869161605835,inf,0.0897117331624031,False,False,False
1,39,78.0,edge_0009,129,-0.95,-30.092909622432515,0.1388675570487976,inf,0.03971058875322342,False,False,False
1,39,78.0,edge_0009,129,-0.9,-30.042909622432514,0.03597929701209068,0.010288646444678307,5.743175983428955,True,False,False
1,39,78.0,edge_0009,129,-0.85,-29.992909622432517,0.21082615852355957,0.06028788536787033,5.693176746368408,True,False,False
1,39,78.0,edge_0009,129,-0.8,-29.942909622432516,0.29120761156082153,0.11028902232646942,5.64317512512207,True,False,False
1,39,78.0,edge_0009,129,-0.75,-29.892909622432516,0.34318313002586365,0.1602882742881775,5.593176364898682,True,False,False
1,39,78.0,edge_0009,129,-0.7,-29.842909622432515,0.3591441512107849,0.21028941869735718,5.543175220489502,True,False,False
1,39,78.0,edge_0009,129,-0.65,-29.792909622432514,0.3733614981174469,0.26028865575790405,5.493175983428955,True,False,False
1,39,78.0,edge_0009,129,-0.6,-29.742909622432517,0.38883790373802185,0.3102878928184509,5.443176746368408,True,False,False
1,39,78.0,edge_0009,129,-0.55,-29.692909622432516,0.4042225778102875,0.3602890074253082,5.39317512512207,True,False,False
1,39,78.0,edge_0009,129,-0.5,-29.642909622432516,0.4195307195186615,0.4102882444858551,5.343176364898682,True,False,False
1,39,78.0,edge_0009,129,-0.45,-29.592909622432515,0.43477973341941833,0.4602893888950348,5.293175220489502,True,False,False
1,39,78.0,edge_0009,129,-0.4,-29.542909622432514,0.4499838948249817,0.5102885961532593,5.243175983428955,True,False,False
1,39,78.0,edge_0009,129,-0.35,-29.492909622432517,0.465159147977829,0.5602878928184509,5.193176746368408,True,False,False
1,39,78.0,edge_0009,129,-0.3,-29.442909622432516,0.48149529099464417,0.6102890372276306,5.14317512512207,True,False,False
1,39,78.0,edge_0009,129,-0.25,-29.392909622432516,0.4966132640838623,0.6602883338928223,5.093176364898682,True,False,False
1,39,78.0,edge_0009,129,-0.2,-29.342909622432515,0.512868344783783,0.7102894186973572,5.043174743652344,True,False,False
1,39,78.0,edge_0009,129,-0.15,-29.292909622432514,0.5279707908630371,0.760288655757904,4.993175506591797,True,False,False
1,39,78.0,edge_0009,129,-0.1,-29.242909622432517,0.5543640851974487,0.8102878928184509,4.94317626953125,True,False,False
1,39,78.0,edge_0009,129,-0.05,-29.192909622432516,0.6033114790916443,0.8602890372276306,4.89317512512207,True,False,False
1,39,78.0,edge_0009,129,0.0,-29.142909622432516,0.7216846346855164,0.9102882742881775,4.843175888061523,True,False,False
1,39,78.0,edge_0009,129,0.05,-29.092909622432515,0.9535882472991943,0.9602894186973572,4.793174743652344,True,True,True
1,39,78.0,edge_0009,129,0.1,-29.042909622432514,1.2147856950759888,1.0102887153625488,4.743175506591797,True,True,True
1,39,78.0,edge_0009,129,0.15,-28.992909622432517,1.4899499416351318,1.0602879524230957,4.69317626953125,True,False,False
1,39,78.0,edge_0009,129,0.2,-28.942909622432516,1.653399109840393,1.1102889776229858,4.64317512512207,True,False,False
1,39,78.0,edge_0009,129,0.25,-28.892909622432516,1.7781754732131958,1.1602882146835327,4.593175888061523,True,False,False
1,39,78.0,edge_0009,129,0.3,-28.842909622432515,2.2864465713500977,1.2102893590927124,4.543174743652344,True,False,False
1,39,78.0,edge_0009,129,0.35,-28.792909622432514,2.3360743522644043,1.2602885961532593,4.493175506591797,True,False,False
1,39,78.0,edge_0009,129,0.4,-28.742909622432517,2.4122657775878906,1.3102878332138062,4.44317626953125,True,False,False
1,39,78.0,edge_0009,129,0.45,-28.692909622432516,2.5384609699249268,1.3602888584136963,4.39317512512207,True,False,False
1,39,78.0,edge_0009,129,0.5,-28.642909622432516,2.6500673294067383,1.4102880954742432,4.343175888061523,True,False,False
1,39,78.0,edge_0009,129,0.55,-28.592909622432515,2.6889092922210693,1.4602893590927124,4.293174743652344,True,False,False
1,39,78.0,edge_0009,129,0.6,-28.542909622432514,2.727675199508667,1.5102885961532593,4.243175506591797,True,False,False
1,39,78.0,edge_0009,129,0.65,-28.492909622432517,2.766376495361328,1.5602878332138062,4.19317626953125,True,False,False
1,39,78.0,edge_0009,129,0.7,-28.442909622432516,2.805314540863037,1.6102888584136963,4.14317512512207,True,False,False
1,39,78.0,edge_0009,129,0.75,-28.392909622432516,2.8464009761810303,1.6602880954742432,4.093175888061523,True,False,False
1,39,78.0,edge_0009,129,0.8,-28.342909622432515,2.881725788116455,1.7102892398834229,4.043174743652344,True,False,False
1,39,78.0,edge_0009,129,0.85,-28.292909622432514,2.8963875770568848,1.7602884769439697,3.993175506591797,True,False,False
1,39,78.0,edge_0009,129,0.9,-28.242909622432517,2.9115006923675537,1.8102877140045166,3.943176031112671,True,False,False
1,39,78.0,edge_0009,129,0.95,-28.192909622432516,2.9270761013031006,1.8602889776229858,3.893174886703491,True,False,False
1,39,78.0,edge_0009,129,1.0,-28.142909622432516,2.9431278705596924,1.9102880954742432,3.8431758880615234,True,False,False
1,39,78.0,edge_0009,129,1.05,-28.092909622432515,2.9596683979034424,1.9602892398834229,3.7931747436523438,True,False,False
1,39,78.0,edge_0009,129,1.1,-28.042909622432514,2.9749228954315186,2.0102884769439697,3.743175506591797,True,False,False
1,39,78.0,edge_0009,129,1.15,-27.992909622432517,2.9897830486297607,2.0602877140045166,3.693176031112671,True,False,False
1,39,78.0,edge_0009,129,1.2,-27.942909622432516,3.0047638416290283,2.1102888584136963,3.643174886703491,True,False,False
1,39,78.0,edge_0009,129,1.25,-27.892909622432516,3.0198676586151123,2.160288095474243,3.5931758880615234,True,False,False
1,39,78.0,edge_0009,129,1.3,-27.842909622432515,3.0350987911224365,2.210289239883423,3.5431747436523438,True,False,False
1,39,78.0,edge_0009,129,1.35,-27.792909622432514,3.050457715988159,2.2602884769439697,3.493175506591797,True,False,False
1,39,78.0,edge_0009,129,1.4,-27.742909622432517,3.0655269622802734,2.3102879524230957,3.443176031112671,True,False,False
1,39,78.0,edge_0009,129,1.45,-27.692909622432516,3.071666955947876,2.3602888584136963,3.393174886703491,True,False,False
1,39,78.0,edge_0009,129,1.5,-27.642909622432516,3.0734517574310303,2.410288095474243,3.3431758880615234,True,False,False
1,39,78.0,edge_0009,129,1.55,-27.592909622432515,3.076556444168091,2.460289239883423,3.2931747436523438,True,False,False
1,39,78.0,edge_0009,129,1.6,-27.542909622432514,3.082706928253174,2.5102884769439697,3.243175506591797,True,False,False
1,39,78.0,edge_0009,129,1.65,-27.492909622432517,2.6574466228485107,2.5602877140045166,3.193176031112671,True,False,False
1,39,78.0,edge_0009,129,1.7,-27.442909622432516,2.435373067855835,2.6102888584136963,3.1431753635406494,True,False,False
1,39,78.0,edge_0009,129,1.75,-27.392909622432516,2.421262741088867,2.660288095474243,3.0931758880615234,True,False,False
1,39,78.0,edge_0009,129,1.8,-27.342909622432515,2.4006340503692627,2.710289239883423,3.0431747436523438,True,False,False
1,39,78.0,edge_0009,129,1.85,-27.292909622432514,2.3804006576538086,2.7602884769439697,2.993175506591797,True,False,False
1,39,78.0,edge_0009,129,1.9,-27.242909622432517,2.3605525493621826,2.8102877140045166,2.943176507949829,True,False,False
1,39,78.0,edge_0009,129,1.95,-27.192909622432516,2.3410799503326416,2.8602890968322754,2.8931753635406494,True,False,False
1,39,78.0,edge_0009,129,2.0,-27.142909622432516,2.149996519088745,2.910288095474243,2.8431758880615234,True,False,False
2,105,210.0,edge_0018,129,-1.0,-29.185133206030667,0.03179488331079483,0.0014885186683386564,4.20994758605957,True,False,False
2,105,210.0,edge_0018,129,-0.95,-29.135133206030666,0.2591508626937866,0.0514877587556839,4.159948348999023,True,False,False
2,105,210.0,edge_0018,129,-0.9,-29.085133206030665,0.37147021293640137,0.10148890316486359,4.109947204589844,True,False,False
2,105,210.0,edge_0018,129,-0.85,-29.035133206030668,0.4837853014469147,0.15148815512657166,4.059947967529297,True,False,False
2,105,210.0,edge_0018,129,-0.8,-28.985133206030667,0.5961003303527832,0.20148739218711853,4.00994873046875,True,False,False
2,105,210.0,edge_0018,129,-0.75,-28.935133206030667,0.6132639646530151,0.25148850679397583,3.959946870803833,True,False,False
2,105,210.0,edge_0018,129,-0.7,-28.885133206030666,0.6287506222724915,0.3014877438545227,3.9099478721618652,True,False,False
2,105,210.0,edge_0018,129,-0.65,-28.835133206030665,0.6442378163337708,0.3514888882637024,3.8599467277526855,True,False,False
2,105,210.0,edge_0018,129,-0.6,-28.785133206030668,0.6597244143486023,0.40148812532424927,3.8099474906921387,True,False,False
2,105,210.0,edge_0018,129,-0.55,-28.735133206030667,0.6721189618110657,0.4514874219894409,3.759948253631592,True,False,False
2,105,210.0,edge_0018,129,-0.5,-28.685133206030667,0.6841877102851868,0.5014885067939758,3.709947109222412,True,False,False
2,105,210.0,edge_0018,129,-0.45,-28.635133206030666,0.6962559819221497,0.5514878034591675,3.6599478721618652,True,False,False
2,105,210.0,edge_0018,129,-0.4,-28.585133206030665,0.708324670791626,0.6014889478683472,3.6099467277526855,True,False,False
2,105,210.0,edge_0018,129,-0.35,-28.535133206030668,0.7203928828239441,0.6514881253242493,3.5599474906921387,True,False,False
2,105,210.0,edge_0018,129,-0.3,-28.485133206030667,0.732461154460907,0.7014874219894409,3.509948253631592,True,False,False
2,105,210.0,edge_0018,129,-0.25,-28.435133206030667,0.7445299029350281,0.7514885067939758,3.459947109222412,True,False,False
2,105,210.0,edge_0018,129,-0.2,-28.385133206030666,0.7565981149673462,0.8014878034591675,3.4099478721618652,True,False,False
2,105,210.0,edge_0018,129,-0.15,-28.335133206030665,0.7742052674293518,0.8514889478683472,3.3599467277526855,True,False,False
2,105,210.0,edge_0018,129,-0.1,-28.285133206030668,0.7653986215591431,0.9014881253242493,3.3099474906921387,True,False,False
2,105,210.0,edge_0018,129,-0.05,-28.235133206030667,0.7354756593704224,0.9514873027801514,3.2599480152130127,True,True,False
2,105,210.0,edge_0018,129,0.0,-28.185133206030667,0.7077194452285767,1.001488447189331,3.209946870803833,True,True,False
2,105,210.0,edge_0018,129,0.05,-28.135133206030666,0.6808527708053589,1.051487684249878,3.159947633743286,True,False,False
2,105,210.0,edge_0018,129,0.1,-28.085133206030665,0.6539850831031799,1.1014888286590576,3.1099464893341064,True,False,False
2,105,210.0,edge_0018,129,0.15,-28.035133206030668,0.6330055594444275,1.151488184928894,3.0599474906921387,True,False,False
2,105,210.0,edge_0018,129,0.2,-27.985133206030667,0.6443549990653992,1.201487421989441,3.009948253631592,True,False,False
2,105,210.0,edge_0018,129,0.25,-27.935133206030667,0.6901820302009583,1.2514885663986206,2.959947109222412,True,False,False
2,105,210.0,edge_0018,129,0.3,-27.885133206030666,0.7639063000679016,1.3014878034591675,2.9099478721618652,True,False,False
2,105,210.0,edge_0018,129,0.35,-27.835133206030665,1.129360556602478,1.3514889478683472,2.8599467277526855,True,False,False
2,105,210.0,edge_0018,129,0.4,-27.785133206030668,1.2346903085708618,1.4014880657196045,2.8099474906921387,True,False,False
2,105,210.0,edge_0018,129,0.45,-27.735133206030667,1.2768796682357788,1.4514873027801514,2.759948253631592,True,False,False
2,105,210.0,edge_0018,129,0.5,-27.685133206030667,1.3158942461013794,1.501488447189331,2.709947109222412,True,False,False
2,105,210.0,edge_0018,129,0.55,-27.635133206030666,1.3550955057144165,1.551487684249878,2.6599478721618652,True,False,False
2,105,210.0,edge_0018,129,0.6,-27.585133206030665,1.3946723937988281,1.6014888286590576,2.6099467277526855,True,False,False
2,105,210.0,edge_0018,129,0.65,-27.535133206030668,1.4346342086791992,1.651488184928894,2.5599474906921387,True,False,False
2,105,210.0,edge_0018,129,0.7,-27.485133206030667,1.474995493888855,1.701487421989441,2.509948253631592,True,False,False
2,105,210.0,edge_0018,129,0.75,-27.435133206030667,1.941677451133728,1.7514886856079102,2.459947109222412,True,False,False
2,105,210.0,edge_0018,129,0.8,-27.385133206030666,2.006277322769165,1.801487922668457,2.4099478721618652,True,False,False
2,105,210.0,edge_0018,129,0.85,-27.335133206030665,2.0707712173461914,1.8514891862869263,2.3599467277526855,True,False,False
2,105,210.0,edge_0018,129,0.9,-27.285133206030668,2.1338353157043457,1.9014884233474731,2.3099474906921387,True,False,False
2,105,210.0,edge_0018,129,0.95,-27.235133206030667,2.148872137069702,1.9514875411987305,2.259948253631592,True,False,False
2,105,210.0,edge_0018,129,1.0,-27.185133206030667,2.144148588180542,2.00148868560791,2.209947109222412,True,False,False
2,105,210.0,edge_0018,129,1.05,-27.135133206030666,2.1407158374786377,2.051487922668457,2.159947633743286,True,False,False
2,105,210.0,edge_0018,129,1.1,-27.085133206030665,2.1423239707946777,2.101489305496216,2.1099464893341064,True,False,False
2,105,210.0,edge_0018,129,1.15,-27.035133206030668,2.1441240310668945,2.1514883041381836,2.0599474906921387,True,False,False
2,105,210.0,edge_0018,129,1.2,-26.985133206030667,2.1409831047058105,2.2014875411987305,2.009948253631592,True,False,False
2,105,210.0,edge_0018,129,1.25,-26.935133206030667,2.137075185775757,2.25148868560791,1.9599473476409912,True,False,False
2,105,210.0,edge_0018,129,1.3,-26.885133206030666,2.1333770751953125,2.301487922668457,1.9099479913711548,True,False,False
2,105,210.0,edge_0018,129,1.35,-26.835133206030665,2.133883237838745,2.3514890670776367,1.8599467277526855,True,False,False
2,105,210.0,edge_0018,129,1.4,-26.785133206030668,2.136338710784912,2.4014883041381836,1.8099476099014282,True,False,False
2,105,210.0,edge_0018,129,1.45,-26.735133206030667,2.1360325813293457,2.4514877796173096,1.7599483728408813,True,False,False
2,105,210.0,edge_0018,129,1.5,-26.685133206030667,2.1328892707824707,2.5014889240264893,1.7099472284317017,True,False,False
2,105,210.0,edge_0018,129,1.55,-26.635133206030666,2.139244318008423,2.551487922668457,1.6599479913711548,True,False,False
2,105,210.0,edge_0018,129,1.6,-26.585133206030665,2.1526973247528076,2.6014890670776367,1.609946846961975,True,False,False
2,105,210.0,edge_0018,129,1.65,-26.535133206030668,2.1642215251922607,2.6514883041381836,1.5599476099014282,True,False,False
2,105,210.0,edge_0018,129,1.7,-26.485133206030667,2.179166555404663,2.7014875411987305,1.5099483728408813,True,False,False
2,105,210.0,edge_0018,129,1.75,-26.435133206030667,2.1947174072265625,2.75148868560791,1.4599472284317017,True,False,False
2,105,210.0,edge_0018,129,1.8,-26.385133206030666,2.2108848094940186,2.801487922668457,1.4099478721618652,True,False,False
2,105,210.0,edge_0018,129,1.85,-26.335133206030665,2.22664213180542,2.8514890670776367,1.3599467277526855,True,False,False
2,105,210.0,edge_0018,129,1.9,-26.285133206030668,2.244417905807495,2.9014885425567627,1.3099476099014282,True,False,False
2,105,210.0,edge_0018,129,1.95,-26.235133206030667,2.2623229026794434,2.9514875411987305,1.2599483728408813,True,False,False
2,105,210.0,edge_0018,129,2.0,-26.185133206030667,2.2413766384124756,3.00148868560791,1.2099472284317017,True,False,False
3,108,216.0,edge_0018,129,-1.0,-29.051098046859405,0.0165705606341362,inf,0.0004084766551386565,False,False,False
3,108,216.0,edge_0018,129,-0.95,-29.001098046859404,0.8663278222084045,0.04959075525403023,6.324832439422607,True,False,False
3,108,216.0,edge_0018,129,-0.9,-28.951098046859403,0.8554897308349609,0.09959190338850021,6.2748308181762695,True,False,False
3,108,216.0,edge_0018,129,-0.85,-28.901098046859406,0.8449621200561523,0.14959114789962769,6.224831581115723,True,False,False
3,108,216.0,edge_0018,129,-0.8,-28.851098046859406,0.834733247756958,0.19959227740764618,6.174830913543701,True,False,False
3,108,216.0,edge_0018,129,-0.75,-28.801098046859405,0.8247931599617004,0.24959152936935425,6.124831676483154,True,False,False
3,108,216.0,edge_0018,129,-0.7,-28.751098046859404,0.8151317238807678,0.29959073662757874,6.074831962585449,True,False,False
3,108,216.0,edge_0018,129,-0.65,-28.701098046859403,0.8057389855384827,0.3495918810367584,6.024831295013428,True,False,False
3,108,216.0,edge_0018,129,-0.6,-28.651098046859406,0.7966064810752869,0.3995911180973053,5.974832057952881,True,False,False
3,108,216.0,edge_0018,129,-0.55,-28.601098046859406,0.7877248525619507,0.449592262506485,5.924830436706543,True,False,False
3,108,216.0,edge_0018,129,-0.5,-28.551098046859405,0.7790637016296387,0.4995914697647095,5.874831676483154,True,False,False
3,108,216.0,edge_0018,129,-0.45,-28.501098046859404,0.7704394459724426,0.5495907664299011,5.824832439422607,True,False,False
3,108,216.0,edge_0018,129,-0.4,-28.451098046859403,0.7618148922920227,0.5995919108390808,5.7748308181762695,True,False,False
3,108,216.0,edge_0018,129,-0.35,-28.401098046859406,0.7531906962394714,0.6495911478996277,5.724831581115723,True,False,False
3,108,216.0,edge_0018,129,-0.3,-28.351098046859406,0.7445661425590515,0.6995922923088074,5.674830913543701,True,False,False
3,108,216.0,edge_0018,129,-0.25,-28.301098046859405,0.7497370839118958,0.7495915293693542,5.624831199645996,True,False,False
3,108,216.0,edge_0018,129,-0.2,-28.251098046859404,0.7527267932891846,0.7995907664299011,5.574831962585449,True,False,False
3,108,216.0,edge_0018,129,-0.15,-28.201098046859403,0.7557166814804077,0.8495919108390808,5.524831295013428,True,False,False
3,108,216.0,edge_0018,129,-0.1,-28.151098046859406,0.7587125301361084,0.8995911478996277,5.474831581115723,True,False,False
3,108,216.0,edge_0018,129,-0.05,-28.101098046859406,0.7617024183273315,0.9495922923088074,5.424829959869385,True,False,False
3,108,216.0,edge_0018,129,0.0,-28.051098046859405,0.7646921277046204,0.9995914697647095,5.374830722808838,True,True,False
3,108,216.0,edge_0018,129,0.05,-28.001098046859404,0.7677465677261353,1.049590826034546,5.324831485748291,True,True,False
3,108,216.0,edge_0018,129,0.1,-27.951098046859403,0.7710425853729248,1.099591851234436,5.274830341339111,True,False,False
3,108,216.0,edge_0018,129,0.15,-27.901098046859406,0.841206431388855,1.149591088294983,5.2248311042785645,True,False,False
3,108,216.0,edge_0018,129,0.2,-27.851098046859406,0.9138805866241455,1.1995923519134521,5.174829959869385,True,False,False
3,108,216.0,edge_0018,129,0.25,-27.801098046859405,0.9868199229240417,1.2495914697647095,5.124830722808838,True,False,False
3,108,216.0,edge_0018,129,0.3,-27.751098046859404,1.0610263347625732,1.2995907068252563,5.074831485748291,True,False,False
3,108,216.0,edge_0018,129,0.35,-27.701098046859403,1.1351549625396729,1.349591851234436,5.024830341339111,True,False,False
3,108,216.0,edge_0018,129,0.4,-27.651098046859406,1.2108583450317383,1.399591088294983,4.9748311042785645,True,False,False
3,108,216.0,edge_0018,129,0.45,-27.601098046859406,1.2864059209823608,1.4495923519134521,4.924829959869385,True,False,False
3,108,216.0,edge_0018,129,0.5,-27.551098046859405,1.362660527229309,1.4995914697647095,4.874830722808838,True,False,False
3,108,216.0,edge_0018,129,0.55,-27.501098046859404,1.439125418663025,1.5495907068252563,4.824831485748291,True,False,False
3,108,216.0,edge_0018,129,0.6,-27.451098046859403,2.5221424102783203,1.599591851234436,4.774830341339111,True,False,False
3,108,216.0,edge_0018,129,0.65,-27.401098046859406,2.5934672355651855,1.649591088294983,4.7248311042785645,True,False,False
3,108,216.0,edge_0018,129,0.7,-27.351098046859406,2.664396047592163,1.6995922327041626,4.674829959869385,True,False,False
3,108,216.0,edge_0018,129,0.75,-27.301098046859405,2.7349445819854736,1.7495914697647095,4.624830722808838,True,False,False
3,108,216.0,edge_0018,129,0.8,-27.251098046859404,2.8076417446136475,1.7995907068252563,4.574831485748291,True,False,False
3,108,216.0,edge_0018,129,0.85,-27.201098046859403,2.8812777996063232,1.849591851234436,4.524830341339111,True,False,False
3,108,216.0,edge_0018,129,0.9,-27.151098046859406,2.9556937217712402,1.899591088294983,4.4748311042785645,True,False,False
3,108,216.0,edge_0018,129,0.95,-27.101098046859406,3.007222890853882,1.9495922327041626,4.424829959869385,True,False,False
3,108,216.0,edge_0018,129,1.0,-27.051098046859405,3.04716157913208,1.9995914697647095,4.374830722808838,True,False,False
3,108,216.0,edge_0018,129,1.05,-27.001098046859404,3.0875847339630127,2.049590587615967,4.324831485748291,True,False,False
3,108,216.0,edge_0018,129,1.1,-26.951098046859403,3.128957509994507,2.0995917320251465,4.274830341339111,True,False,False
3,108,216.0,edge_0018,129,1.15,-26.901098046859406,3.169868230819702,2.1495909690856934,4.2248311042785645,True,False,False
3,108,216.0,edge_0018,129,1.2,-26.851098046859406,3.211909055709839,2.199592113494873,4.174829959869385,True,False,False
3,108,216.0,edge_0018,129,1.25,-26.801098046859405,3.2541844844818115,2.24959135055542,4.124830722808838,True,False,False
3,108,216.0,edge_0018,129,1.3,-26.751098046859404,3.297135591506958,2.299590587615967,4.074831485748291,True,False,False
3,108,216.0,edge_0018,129,1.35,-26.701098046859403,3.32558536529541,2.3495917320251465,4.024830341339111,True,False,False
3,108,216.0,edge_0018,129,1.4,-26.651098046859406,3.3401296138763428,2.3995907306671143,3.9748313426971436,True,False,False
3,108,216.0,edge_0018,129,1.45,-26.601098046859406,3.35384464263916,2.449592113494873,3.9248299598693848,True,False,False
3,108,216.0,edge_0018,129,1.5,-26.551098046859405,3.3686563968658447,2.49959135055542,3.874830722808838,True,False,False
3,108,216.0,edge_0018,129,1.55,-26.501098046859404,3.3859193325042725,2.5495903491973877,3.82483172416687,True,False,False
3,108,216.0,edge_0018,129,1.6,-26.451098046859403,3.404019832611084,2.5995917320251465,3.7748303413391113,True,False,False
3,108,216.0,edge_0018,129,1.65,-26.401098046859406,3.4014060497283936,2.6495909690856934,3.7248311042785645,True,False,False
3,108,216.0,edge_0018,129,1.7,-26.351098046859406,3.3645501136779785,2.699592113494873,3.674830198287964,True,False,False
3,108,216.0,edge_0018,129,1.75,-26.301098046859405,3.327695608139038,2.74959135055542,3.624830722808838,True,False,False
3,108,216.0,edge_0018,129,1.8,-26.251098046859404,3.268651008605957,2.799590587615967,3.57483172416687,True,False,False
3,108,216.0,edge_0018,129,1.85,-26.201098046859403,3.253387451171875,2.8495917320251465,3.5248305797576904,True,False,False
3,108,216.0,edge_0018,129,1.9,-26.151098046859406,3.2359023094177246,2.8995907306671143,3.4748311042785645,True,False,False
3,108,216.0,edge_0018,129,1.95,-26.101098046859406,3.2074778079986572,2.949592113494873,3.4248299598693848,True,False,False
3,108,216.0,edge_0018,129,2.0,-26.051098046859405,3.189493179321289,2.99959135055542,3.374830961227417,True,False,False
4,600,1200.0,edge_0069,16,-1.0,38.003918540636555,0.21723052859306335,0.04502750560641289,5.651731491088867,True,False,False
4,600,1200.0,edge_0069,16,-0.95,38.05391854063655,0.40487608313560486,0.09502675384283066,5.60173225402832,True,False,False
4,600,1200.0,edge_0069,16,-0.9,38.103918540636556,0.425966739654541,0.14502978324890137,5.551729202270508,True,False,False
4,600,1200.0,edge_0069,16,-0.85,38.15391854063655,0.44850730895996094,0.19502902030944824,5.501729965209961,True,False,False
4,600,1200.0,edge_0069,16,-0.8,38.20391854063656,0.4724861681461334,0.24502825736999512,5.451730728149414,True,False,False
4,600,1200.0,edge_0069,16,-0.75,38.253918540636555,0.5079402923583984,0.295027494430542,5.401731491088867,True,False,False
4,600,1200.0,edge_0069,16,-0.7,38.30391854063655,0.5544155240058899,0.34502673149108887,5.35173225402832,True,False,False
4,600,1200.0,edge_0069,16,-0.65,38.353918540636556,0.6008942723274231,0.39502978324890137,5.301729202270508,True,False,False
4,600,1200.0,edge_0069,16,-0.6,38.40391854063655,0.6473695039749146,0.44502899050712585,5.251729965209961,True,False,False
4,600,1200.0,edge_0069,16,-0.55,38.45391854063656,0.6593616604804993,0.4950282573699951,5.201730728149414,True,False,False
4,600,1200.0,edge_0069,16,-0.5,38.503918540636555,0.6685749888420105,0.545027494430542,5.151731491088867,True,False,False
4,600,1200.0,edge_0069,16,-0.45,38.55391854063655,0.677788257598877,0.5950267314910889,5.10173225402832,True,False,False
4,600,1200.0,edge_0069,16,-0.4,38.603918540636556,0.6870021820068359,0.6450297832489014,5.051729202270508,True,False,False
4,600,1200.0,edge_0069,16,-0.35,38.65391854063655,0.6962155103683472,0.6950290203094482,5.001729965209961,True,False,False
4,600,1200.0,edge_0069,16,-0.3,38.70391854063656,0.7054287195205688,0.7450282573699951,4.951730728149414,True,False,False
4,600,1200.0,edge_0069,16,-0.25,38.753918540636555,0.7146419882774353,0.795027494430542,4.901731491088867,True,False,False
4,600,1200.0,edge_0069,16,-0.2,38.80391854063655,0.7239251136779785,0.8450267314910889,4.85173225402832,True,False,False
4,600,1200.0,edge_0069,16,-0.15,38.853918540636556,0.7351511716842651,0.8950298428535461,4.801729202270508,True,False,False
4,600,1200.0,edge_0069,16,-0.1,38.90391854063655,0.749241054058075,0.945029079914093,4.751729965209961,True,False,False
4,600,1200.0,edge_0069,16,-0.05,38.95391854063656,0.7663933634757996,0.9950283765792847,4.701730728149414,True,True,False
4,600,1200.0,edge_0069,16,0.0,39.003918540636555,0.785768449306488,1.045027732849121,4.651731491088867,True,True,False
4,600,1200.0,edge_0069,16,0.05,39.05391854063655,0.8080198168754578,1.0950268507003784,4.60173225402832,True,False,False
4,600,1200.0,edge_0069,16,0.1,39.103918540636556,0.83082115650177,1.145029902458191,4.551729202270508,True,False,False
4,600,1200.0,edge_0069,16,0.15,39.15391854063655,0.8813568949699402,1.1950292587280273,4.501729965209961,True,False,False
4,600,1200.0,edge_0069,16,0.2,39.20391854063656,1.1970752477645874,1.2450283765792847,4.451730728149414,True,False,False
4,600,1200.0,edge_0069,16,0.25,39.253918540636555,1.5078990459442139,1.2950276136398315,4.401731491088867,True,False,False
4,600,1200.0,edge_0069,16,0.3,39.30391854063655,1.5658434629440308,1.3450268507003784,4.35173225402832,True,False,False
4,600,1200.0,edge_0069,16,0.35,39.353918540636556,1.6210734844207764,1.395029902458191,4.301729202270508,True,False,False
4,600,1200.0,edge_0069,16,0.4,39.40391854063655,1.6593456268310547,1.4450291395187378,4.251729965209961,True,False,False
4,600,1200.0,edge_0069,16,0.45,39.45391854063656,1.6976178884506226,1.4950283765792847,4.201730728149414,True,False,False
4,600,1200.0,edge_0069,16,0.5,39.503918540636555,1.733748197555542,1.545027732849121,4.151731491088867,True,False,False
4,600,1200.0,edge_0069,16,0.55,39.55391854063655,1.7691603899002075,1.5950268507003784,4.10173225402832,True,False,False
4,600,1200.0,edge_0069,16,0.6,39.603918540636556,1.8334715366363525,1.6450300216674805,4.051729202270508,True,False,False
4,600,1200.0,edge_0069,16,0.65,39.65391854063655,1.9044970273971558,1.6950292587280273,4.001729965209961,True,False,False
4,600,1200.0,edge_0069,16,0.7,39.70391854063656,1.981669545173645,1.7450283765792847,3.951730489730835,True,False,False
4,600,1200.0,edge_0069,16,0.75,39.753918540636555,2.0657341480255127,1.7950276136398315,3.901731252670288,True,False,False
4,600,1200.0,edge_0069,16,0.8,39.80391854063655,2.0516865253448486,1.845026969909668,3.851732015609741,True,False,False
4,600,1200.0,edge_0069,16,0.85,39.853918540636556,2.0209360122680664,1.895029902458191,3.8017289638519287,True,False,False
4,600,1200.0,edge_0069,16,0.9,39.90391854063655,2.0089290142059326,1.9450292587280273,3.751729726791382,True,False,False
4,600,1200.0,edge_0069,16,0.95,39.95391854063656,2.014786720275879,1.9950282573699951,3.701730489730835,True,False,False
4,600,1200.0,edge_0069,16,1.0,40.003918540636555,2.019925832748413,2.045027494430542,3.651731252670288,True,False,False
4,600,1200.0,edge_0069,16,1.05,40.05391854063655,2.026568651199341,2.095026731491089,3.601732015609741,True,False,False
4,600,1200.0,edge_0069,16,1.1,40.103918540636556,2.0349042415618896,2.1450297832489014,3.5517289638519287,True,False,False
4,600,1200.0,edge_0069,16,1.15,40.15391854063655,2.0423107147216797,2.1950290203094482,3.501729726791382,True,False,False
4,600,1200.0,edge_0069,16,1.2,40.20391854063656,2.044706106185913,2.245028495788574,3.451730489730835,True,False,False
4,600,1200.0,edge_0069,16,1.25,40.253918540636555,1.9755958318710327,2.295027732849121,3.401731252670288,True,False,False
4,600,1200.0,edge_0069,16,1.3,40.30391854063655,1.908197283744812,2.345026731491089,3.351732015609741,True,False,False
4,600,1200.0,edge_0069,16,1.35,40.353918540636556,1.841832160949707,2.3950297832489014,3.3017289638519287,True,False,False
4,600,1200.0,edge_0069,16,1.4,40.40391854063655,1.7740399837493896,2.4450290203094482,3.251729726791382,True,False,False
4,600,1200.0,edge_0069,16,1.45,40.45391854063656,1.7089678049087524,2.495028257369995,3.201730489730835,True,False,False
4,600,1200.0,edge_0069,16,1.5,40.503918540636555,1.6449517011642456,2.545027732849121,3.151731252670288,True,False,False
4,600,1200.0,edge_0069,16,1.55,40.55391854063655,1.580533742904663,2.595026969909668,3.101732015609741,True,False,False
4,600,1200.0,edge_0069,16,1.6,40.603918540636556,1.5435504913330078,2.6450297832489014,3.0517289638519287,True,False,False
4,600,1200.0,edge_0069,16,1.65,40.65391854063655,1.5260400772094727,2.6950290203094482,3.001729726791382,True,False,False
4,600,1200.0,edge_0069,16,1.7,40.70391854063656,1.5097479820251465,2.745028257369995,2.951730489730835,True,False,False
4,600,1200.0,edge_0069,16,1.75,40.753918540636555,1.4946283102035522,2.795027494430542,2.901731252670288,True,False,False
4,600,1200.0,edge_0069,16,1.8,40.80391854063655,1.4792267084121704,2.845026731491089,2.8517322540283203,True,False,False
4,600,1200.0,edge_0069,16,1.85,40.853918540636556,1.466684103012085,2.8950300216674805,2.801729202270508,True,False,False
4,600,1200.0,edge_0069,16,1.9,40.90391854063655,1.4551972150802612,2.9450292587280273,2.751729965209961,True,False,False
4,600,1200.0,edge_0069,16,1.95,40.95391854063656,1.4444633722305298,2.995028257369995,2.701730728149414,True,False,False
4,600,1200.0,edge_0069,16,2.0,41.003918540636555,1.4352827072143555,3.045027494430542,2.651731491088867,True,False,False
5,676,1352.0,edge_0069,16,-1.0,38.002875386196926,0.2148871123790741,0.04590428248047829,5.65220308303833,True,False,False
5,676,1352.0,edge_0069,16,-0.95,38.052875386196924,0.4052230417728424,0.09590351581573486,5.602203845977783,True,False,False
5,676,1352.0,edge_0069,16,-0.9,38.10287538619693,0.4257110059261322,0.14590275287628174,5.552204608917236,True,False,False
5,676,1352.0,edge_0069,16,-0.85,38.152875386196925,0.4479108154773712,0.195902019739151,5.5022053718566895,True,False,False
5,676,1352.0,edge_0069,16,-0.8,38.20287538619693,0.47140219807624817,0.2459050565958023,5.452202320098877,True,False,False
5,676,1352.0,edge_0069,16,-0.75,38.252875386196926,0.5079306960105896,0.295904278755188,5.40220308303833,True,False,False
5,676,1352.0,edge_0069,16,-0.7,38.302875386196924,0.554405927658081,0.34590354561805725,5.352203845977783,True,False,False
5,676,1352.0,edge_0069,16,-0.65,38.35287538619693,0.6008811593055725,0.3959027826786041,5.302204608917236,True,False,False
5,676,1352.0,edge_0069,16,-0.6,38.402875386196925,0.6473563313484192,0.4459019601345062,5.2522053718566895,True,False,False
5,676,1352.0,edge_0069,16,-0.55,38.45287538619693,0.6607590913772583,0.4959050118923187,5.202202320098877,True,False,False
5,676,1352.0,edge_0069,16,-0.5,38.502875386196926,0.6699724197387695,0.5459043383598328,5.15220308303833,True,False,False
5,676,1352.0,edge_0069,16,-0.45,38.552875386196924,0.6791856288909912,0.5959035158157349,5.102203845977783,True,False,False
5,676,1352.0,edge_0069,16,-0.4,38.60287538619693,0.6883988976478577,0.6459028124809265,5.052204608917236,True,False,False
5,676,1352.0,edge_0069,16,-0.35,38.652875386196925,0.6976121664047241,0.6959019899368286,5.0022053718566895,True,False,False
5,676,1352.0,edge_0069,16,-0.3,38.70287538619693,0.7068261504173279,0.7459050416946411,4.952202320098877,True,False,False
5,676,1352.0,edge_0069,16,-0.25,38.752875386196926,0.7160394191741943,0.7959043383598328,4.90220308303833,True,False,False
5,676,1352.0,edge_0069,16,-0.2,38.802875386196924,0.7254405617713928,0.8459035158157349,4.852203845977783,True,False,False
5,676,1352.0,edge_0069,16,-0.15,38.85287538619693,0.7370654940605164,0.8959028124809265,4.802204608917236,True,False,False
5,676,1352.0,edge_0069,16,-0.1,38.902875386196925,0.7515798807144165,0.9459020495414734,4.7522053718566895,True,False,False
5,676,1352.0,edge_0069,16,-0.05,38.95287538619693,0.7691911458969116,0.9959051609039307,4.702202320098877,True,True,False
5,676,1352.0,edge_0069,16,0.0,39.002875386196926,0.788652241230011,1.045904278755188,4.65220308303833,True,True,False
5,676,1352.0,edge_0069,16,0.05,39.052875386196924,0.810980498790741,1.0959036350250244,4.602203845977783,True,False,False
5,676,1352.0,edge_0069,16,0.1,39.10287538619693,0.8350403308868408,1.1459028720855713,4.552204608917236,True,False,False
5,676,1352.0,edge_0069,16,0.15,39.152875386196925,0.8767022490501404,1.1959021091461182,4.5022053718566895,True,False,False
5,676,1352.0,edge_0069,16,0.2,39.20287538619693,1.1976162195205688,1.2459051609039307,4.452202320098877,True,False,False
5,676,1352.0,edge_0069,16,0.25,39.252875386196926,1.5098015069961548,1.2959043979644775,4.40220308303833,True,False,False
5,676,1352.0,edge_0069,16,0.3,39.302875386196924,1.5677456855773926,1.3459036350250244,4.352203845977783,True,False,False
5,676,1352.0,edge_0069,16,0.35,39.35287538619693,1.6242101192474365,1.3959028720855713,4.302204608917236,True,False,False
5,676,1352.0,edge_0069,16,0.4,39.402875386196925,1.6624823808670044,1.4459021091461182,4.2522053718566895,True,False,False
5,676,1352.0,edge_0069,16,0.45,39.45287538619693,1.7007575035095215,1.4959051609039307,4.202202320098877,True,False,False
5,676,1352.0,edge_0069,16,0.5,39.502875386196926,1.7372817993164062,1.5459043979644775,4.15220308303833,True,False,False
5,676,1352.0,edge_0069,16,0.55,39.552875386196924,1.7726402282714844,1.5959036350250244,4.102203845977783,True,False,False
5,676,1352.0,edge_0069,16,0.6,39.60287538619693,1.8359698057174683,1.6459028720855713,4.052204608917236,True,False,False
5,676,1352.0,edge_0069,16,0.65,39.652875386196925,1.9079935550689697,1.6959021091461182,4.0022053718566895,True,False,False
5,676,1352.0,edge_0069,16,0.7,39.70287538619693,1.98519766330719,1.7459051609039307,3.952202320098877,True,False,False
5,676,1352.0,edge_0069,16,0.75,39.752875386196926,2.0660324096679688,1.7959043979644775,3.90220308303833,True,False,False
5,676,1352.0,edge_0069,16,0.8,39.802875386196924,2.050842046737671,1.8459036350250244,3.852203845977783,True,False,False
5,676,1352.0,edge_0069,16,0.85,39.85287538619693,2.0200939178466797,1.8959028720855713,3.8022046089172363,True,False,False
5,676,1352.0,edge_0069,16,0.9,39.902875386196925,2.0072264671325684,1.9459021091461182,3.7522053718566895,True,False,False
5,676,1352.0,edge_0069,16,0.95,39.95287538619693,2.012183904647827,1.9959051609039307,3.702202320098877,True,False,False
5,676,1352.0,edge_0069,16,1.0,40.002875386196926,2.017735481262207,2.0459043979644775,3.65220308303833,True,False,False
5,676,1352.0,edge_0069,16,1.05,40.052875386196924,2.0255401134490967,2.0959036350250244,3.602203845977783,True,False,False
5,676,1352.0,edge_0069,16,1.1,40.10287538619693,2.032280445098877,2.145902633666992,3.5522046089172363,True,False,False
5,676,1352.0,edge_0069,16,1.15,40.152875386196925,2.0429482460021973,2.195901870727539,3.5022053718566895,True,False,False
5,676,1352.0,edge_0069,16,1.2,40.20287538619693,2.0490481853485107,2.2459051609039307,3.452202320098877,True,False,False
5,676,1352.0,edge_0069,16,1.25,40.252875386196926,1.9805221557617188,2.2959043979644775,3.40220308303833,True,False,False
5,676,1352.0,edge_0069,16,1.3,40.302875386196924,1.9131059646606445,2.3459036350250244,3.352203845977783,True,False,False
5,676,1352.0,edge_0069,16,1.35,40.35287538619693,1.8439455032348633,2.3959028720855713,3.3022046089172363,True,False,False
5,676,1352.0,edge_0069,16,1.4,40.402875386196925,1.7789161205291748,2.445902109146118,3.2522053718566895,True,False,False
5,676,1352.0,edge_0069,16,1.45,40.45287538619693,1.7128455638885498,2.4959049224853516,3.202202320098877,True,False,False
5,676,1352.0,edge_0069,16,1.5,40.502875386196926,1.6483771800994873,2.5459041595458984,3.15220308303833,True,False,False
5,676,1352.0,edge_0069,16,1.55,40.552875386196924,1.5853633880615234,2.5959036350250244,3.102203845977783,True,False,False
5,676,1352.0,edge_0069,16,1.6,40.60287538619693,1.5486764907836914,2.6459028720855713,3.0522046089172363,True,False,False
5,676,1352.0,edge_0069,16,1.65,40.652875386196925,1.5311380624771118,2.695902109146118,3.0022053718566895,True,False,False
5,676,1352.0,edge_0069,16,1.7,40.70287538619693,1.5126705169677734,2.7459051609039307,2.952202320098877,True,False,False
5,676,1352.0,edge_0069,16,1.75,40.752875386196926,1.4979020357131958,2.7959041595458984,2.902202844619751,True,False,False
5,676,1352.0,edge_0069,16,1.8,40.802875386196924,1.4842581748962402,2.8459033966064453,2.852203369140625,True,False,False
5,676,1352.0,edge_0069,16,1.85,40.85287538619693,1.4717040061950684,2.8959028720855713,2.802204132080078,True,False,False
5,676,1352.0,edge_0069,16,1.9,40.902875386196925,1.459597110748291,2.945902109146118,2.7522048950195312,True,False,False
5,676,1352.0,edge_0069,16,1.95,40.95287538619693,1.4494680166244507,2.9959051609039307,2.7022018432617188,True,False,False
5,676,1352.0,edge_0069,16,2.0,41.002875386196926,1.440286636352539,3.0459043979644775,2.652202606201172,True,False,False
6,2507,5014.0,edge_0018,129,-1.0,-29.196131130444506,0.07246056944131851,0.004706328269094229,4.357500076293945,True,False,False
6,2507,5014.0,edge_0018,129,-0.95,-29.146131130444505,0.2601992189884186,0.05470556765794754,4.307500839233398,True,False,False
6,2507,5014.0,edge_0018,129,-0.9,-29.096131130444505,0.33688855171203613,0.10470671206712723,4.257499694824219,True,False,False
6,2507,5014.0,edge_0018,129,-0.85,-29.046131130444508,0.4135749042034149,0.1547059565782547,4.207500457763672,True,False,False
6,2507,5014.0,edge_0018,129,-0.8,-28.996131130444507,0.4325750172138214,0.20470517873764038,4.157501220703125,True,False,False
6,2507,5014.0,edge_0018,129,-0.75,-28.946131130444506,0.4364527761936188,0.25470632314682007,4.107499599456787,True,False,False
6,2507,5014.0,edge_0018,129,-0.7,-28.896131130444505,0.4403304159641266,0.30470556020736694,4.057500839233398,True,False,False
6,2507,5014.0,edge_0018,129,-0.65,-28.846131130444505,0.44420817494392395,0.354706734418869,4.007499694824219,True,False,False
6,2507,5014.0,edge_0018,129,-0.6,-28.796131130444508,0.44808584451675415,0.4047059416770935,3.957500457763672,True,False,False
6,2507,5014.0,edge_0018,129,-0.55,-28.746131130444507,0.45196348428726196,0.45470520853996277,3.907501220703125,True,False,False
6,2507,5014.0,edge_0018,129,-0.5,-28.696131130444506,0.4558412730693817,0.5047063827514648,3.8575000762939453,True,False,False
6,2507,5014.0,edge_0018,129,-0.45,-28.646131130444505,0.45971888303756714,0.5547055602073669,3.8075008392333984,True,False,False
6,2507,5014.0,edge_0018,129,-0.4,-28.596131130444505,0.4635966718196869,0.6047067046165466,3.7574996948242188,True,False,False
6,2507,5014.0,edge_0018,129,-0.35,-28.546131130444508,0.4674743115901947,0.6547060012817383,3.707500457763672,True,False,False
6,2507,5014.0,edge_0018,129,-0.3,-28.496131130444507,0.472969114780426,0.7047052383422852,3.657501220703125,True,False,False
6,2507,5014.0,edge_0018,129,-0.25,-28.446131130444506,0.4825288951396942,0.7547064423561096,3.6075000762939453,True,False,False
6,2507,5014.0,edge_0018,129,-0.2,-28.396131130444505,0.49458467960357666,0.8047056198120117,3.5575008392333984,True,False,False
6,2507,5014.0,edge_0018,129,-0.15,-28.346131130444505,0.506653368473053,0.8547067642211914,3.5074996948242188,True,False,False
6,2507,5014.0,edge_0018,129,-0.1,-28.296131130444508,0.5446233749389648,0.9047060608863831,3.457500457763672,True,False,False
6,2507,5014.0,edge_0018,129,-0.05,-28.246131130444507,0.5978575348854065,0.9547052979469299,3.407501220703125,True,True,False
6,2507,5014.0,edge_0018,129,0.0,-28.196131130444506,0.6510939002037048,1.0047063827514648,3.3575000762939453,True,True,False
6,2507,5014.0,edge_0018,129,0.05,-28.146131130444505,0.6135045289993286,1.0547056198120117,3.3075008392333984,True,False,False
6,2507,5014.0,edge_0018,129,0.1,-28.096131130444505,0.5675894618034363,1.1047067642211914,3.2574996948242188,True,False,False
6,2507,5014.0,edge_0018,129,0.15,-28.046131130444508,0.6128862500190735,1.1547060012817383,3.207500457763672,True,False,False
6,2507,5014.0,edge_0018,129,0.2,-27.996131130444507,0.7010324597358704,1.2047053575515747,3.157501220703125,True,False,False
6,2507,5014.0,edge_0018,129,0.25,-27.946131130444506,0.7891820669174194,1.2547063827514648,3.1075000762939453,True,False,False
6,2507,5014.0,edge_0018,129,0.3,-27.896131130444505,0.8773283362388611,1.3047056198120117,3.0575008392333984,True,False,False
6,2507,5014.0,edge_0018,129,0.35,-27.846131130444505,0.9654780030250549,1.3547066450119019,3.0074996948242188,True,False,False
6,2507,5014.0,edge_0018,129,0.4,-27.796131130444508,1.343659520149231,1.4047060012817383,2.957500457763672,True,False,False
6,2507,5014.0,edge_0018,129,0.45,-27.746131130444507,1.3761811256408691,1.4547052383422852,2.907501220703125,True,False,False
6,2507,5014.0,edge_0018,129,0.5,-27.696131130444506,1.4091429710388184,1.5047063827514648,2.8575000762939453,True,False,False
6,2507,5014.0,edge_0018,129,0.55,-27.646131130444505,1.442573070526123,1.5547056198120117,2.8075008392333984,True,False,False
6,2507,5014.0,edge_0018,129,0.6,-27.596131130444505,1.4765052795410156,1.6047066450119019,2.757499933242798,True,False,False
6,2507,5014.0,edge_0018,129,0.65,-27.546131130444508,1.5109692811965942,1.6547058820724487,2.707500457763672,True,False,False
6,2507,5014.0,edge_0018,129,0.7,-27.496131130444507,1.545999526977539,1.7047052383422852,2.657501220703125,True,False,False
6,2507,5014.0,edge_0018,129,0.75,-27.446131130444506,1.9034607410430908,1.7547063827514648,2.6075000762939453,True,False,False
6,2507,5014.0,edge_0018,129,0.8,-27.396131130444505,1.9733225107192993,1.8047056198120117,2.5575008392333984,True,False,False
6,2507,5014.0,edge_0018,129,0.85,-27.346131130444505,2.042545795440674,1.8547067642211914,2.507499933242798,True,False,False
6,2507,5014.0,edge_0018,129,0.9,-27.296131130444508,2.118293285369873,1.9047058820724487,2.457500457763672,True,False,False
6,2507,5014.0,edge_0018,129,0.95,-27.246131130444507,2.1318883895874023,1.9547051191329956,2.407501220703125,True,False,False
6,2507,5014.0,edge_0018,129,1.0,-27.196131130444506,2.1407108306884766,2.004706382751465,2.3575003147125244,True,False,False
6,2507,5014.0,edge_0018,129,1.05,-27.146131130444505,2.1389923095703125,2.0547056198120117,2.3075008392333984,True,False,False
6,2507,5014.0,edge_0018,129,1.1,-27.096131130444505,2.1344425678253174,2.1047067642211914,2.257499933242798,True,False,False
6,2507,5014.0,edge_0018,129,1.15,-27.046131130444508,2.1249680519104004,2.1547060012817383,2.207500457763672,True,False,False
6,2507,5014.0,edge_0018,129,1.2,-26.996131130444507,2.120680093765259,2.204705238342285,2.157501220703125,True,False,False
6,2507,5014.0,edge_0018,129,1.25,-26.946131130444506,2.118593692779541,2.254706382751465,2.1075003147125244,True,False,False
6,2507,5014.0,edge_0018,129,1.3,-26.896131130444505,2.1166465282440186,2.3047056198120117,2.0575008392333984,True,False,False
6,2507,5014.0,edge_0018,129,1.35,-26.846131130444505,2.110072135925293,2.3547067642211914,2.0074996948242188,True,False,False
6,2507,5014.0,edge_0018,129,1.4,-26.796131130444508,2.101816177368164,2.4047060012817383,1.9575004577636719,True,False,False
6,2507,5014.0,edge_0018,129,1.45,-26.746131130444507,2.0989718437194824,2.454705238342285,1.9075013399124146,True,False,False
6,2507,5014.0,edge_0018,129,1.5,-26.696131130444506,2.097360372543335,2.504706382751465,1.8575001955032349,True,False,False
6,2507,5014.0,edge_0018,129,1.55,-26.646131130444505,2.0956544876098633,2.5547056198120117,1.8075010776519775,True,False,False
6,2507,5014.0,edge_0018,129,1.6,-26.596131130444505,2.096155881881714,2.6047067642211914,1.7574999332427979,True,False,False
6,2507,5014.0,edge_0018,129,1.65,-26.546131130444508,2.1018311977386475,2.6547060012817383,1.7075005769729614,True,False,False
6,2507,5014.0,edge_0018,129,1.7,-26.496131130444507,2.105381727218628,2.7047054767608643,1.6575013399124146,True,False,False
6,2507,5014.0,edge_0018,129,1.75,-26.446131130444506,2.1117589473724365,2.754706621170044,1.6075001955032349,True,False,False
6,2507,5014.0,edge_0018,129,1.8,-26.396131130444505,2.119556427001953,2.8047056198120117,1.5575010776519775,True,False,False
6,2507,5014.0,edge_0018,129,1.85,-26.346131130444505,2.12539005279541,2.8547070026397705,1.5074999332427979,True,False,False
6,2507,5014.0,edge_0018,129,1.9,-26.296131130444508,2.10300874710083,2.9047060012817383,1.4575005769729614,True,False,False
6,2507,5014.0,edge_0018,129,1.95,-26.246131130444507,2.0839219093322754,2.9547054767608643,1.407501459121704,True,False,False
6,2507,5014.0,edge_0018,129,2.0,-26.196131130444506,2.064849376678467,3.004706621170044,1.3575003147125244,True,False,False
7,2519,5038.0,edge_0009,129,-1.0,-30.237361273947375,0.13278828561306,0.07083025574684143,5.9300618171691895,True,False,False
7,2519,5038.0,edge_0009,129,-0.95,-30.187361273947374,0.19301824271678925,0.12083138525485992,5.88006067276001,True,False,False
7,2519,5038.0,edge_0009,129,-0.9,-30.137361273947374,0.21514253318309784,0.1708306223154068,5.830061912536621,True,False,False
7,2519,5038.0,edge_0009,129,-0.85,-30.087361273947376,0.23210570216178894,0.2208317667245865,5.780060768127441,True,False,False
7,2519,5038.0,edge_0009,129,-0.8,-30.037361273947376,0.2505194842815399,0.27083098888397217,5.7300615310668945,True,False,False
7,2519,5038.0,edge_0009,129,-0.75,-29.987361273947375,0.2706780433654785,0.32083022594451904,5.680062294006348,True,False,False
7,2519,5038.0,edge_0009,129,-0.7,-29.937361273947374,0.2922593951225281,0.3708314001560211,5.630061149597168,True,False,False
7,2519,5038.0,edge_0009,129,-0.65,-29.887361273947374,0.3147496283054352,0.4208305776119232,5.580061912536621,True,False,False
7,2519,5038.0,edge_0009,129,-0.6,-29.837361273947376,0.3372732996940613,0.4708317518234253,5.530060768127441,True,False,False
7,2519,5038.0,edge_0009,129,-0.55,-29.787361273947376,0.3597961664199829,0.5208309888839722,5.4800615310668945,True,False,False
7,2519,5038.0,edge_0009,129,-0.5,-29.737361273947375,0.38231900334358215,0.570830225944519,5.430062294006348,True,False,False
7,2519,5038.0,edge_0009,129,-0.45,-29.687361273947374,0.4084616005420685,0.6208313703536987,5.380061149597168,True,False,False
7,2519,5038.0,edge_0009,129,-0.4,-29.637361273947374,0.4381701946258545,0.6708306074142456,5.330061912536621,True,False,False
7,2519,5038.0,edge_0009,129,-0.35,-29.587361273947376,0.45379137992858887,0.7208317518234253,5.280060768127441,True,False,False
7,2519,5038.0,edge_0009,129,-0.3,-29.537361273947376,0.47089633345603943,0.7708309888839722,5.2300615310668945,True,False,False
7,2519,5038.0,edge_0009,129,-0.25,-29.487361273947375,0.4904794692993164,0.820830225944519,5.180062294006348,True,False,False
7,2519,5038.0,edge_0009,129,-0.2,-29.437361273947374,0.5108592510223389,0.8708313703536987,5.13006067276001,True,False,False
7,2519,5038.0,edge_0009,129,-0.15,-29.387361273947374,0.5336602330207825,0.9208305478096008,5.080061912536621,True,False,False
7,2519,5038.0,edge_0009,129,-0.1,-29.337361273947376,0.5564214587211609,0.9708317518234253,5.030060768127441,True,True,False
7,2519,5038.0,edge_0009,129,-0.05,-29.287361273947376,0.5814347267150879,1.0208309888839722,4.9800615310668945,True,True,False
7,2519,5038.0,edge_0009,129,0.0,-29.237361273947375,0.605362594127655,1.070830225944519,4.930062294006348,True,False,False
7,2519,5038.0,edge_0009,129,0.05,-29.187361273947374,1.1359915733337402,1.1208313703536987,4.880061149597168,True,False,False
7,2519,5038.0,edge_0009,129,0.1,-29.137361273947374,1.3944262266159058,1.1708306074142456,4.830061912536621,True,False,False
7,2519,5038.0,edge_0009,129,0.15,-29.087361273947376,1.6254682540893555,1.2208317518234253,4.780060768127441,True,False,False
7,2519,5038.0,edge_0009,129,0.2,-29.037361273947376,1.869900107383728,1.2708309888839722,4.7300615310668945,True,False,False
7,2519,5038.0,edge_0009,129,0.25,-28.987361273947375,2.0574793815612793,1.320830225944519,4.680062294006348,True,False,False
7,2519,5038.0,edge_0009,129,0.3,-28.937361273947374,2.0660409927368164,1.3708313703536987,4.630061149597168,True,False,False
7,2519,5038.0,edge_0009,129,0.35,-28.887361273947374,2.144035816192627,1.4208306074142456,4.580061912536621,True,False,False
7,2519,5038.0,edge_0009,129,0.4,-28.837361273947376,2.2371809482574463,1.4708317518234253,4.530060768127441,True,False,False
7,2519,5038.0,edge_0009,129,0.45,-28.787361273947376,2.3172988891601562,1.5208309888839722,4.4800615310668945,True,False,False
7,2519,5038.0,edge_0009,129,0.5,-28.737361273947375,2.3983240127563477,1.570830225944519,4.430062294006348,True,False,False
7,2519,5038.0,edge_0009,129,0.55,-28.687361273947374,2.4855539798736572,1.6208313703536987,4.380061149597168,True,False,False
7,2519,5038.0,edge_0009,129,0.6,-28.637361273947374,2.5478458404541016,1.670830488204956,4.330061912536621,True,False,False
7,2519,5038.0,edge_0009,129,0.65,-28.587361273947376,2.5639052391052246,1.7208316326141357,4.280060768127441,True,False,False
7,2519,5038.0,edge_0009,129,0.7,-28.537361273947376,2.581665277481079,1.7708309888839722,4.2300615310668945,True,False,False
7,2519,5038.0,edge_0009,129,0.75,-28.487361273947375,2.6003048419952393,1.8208303451538086,4.180062294006348,True,False,False
7,2519,5038.0,edge_0009,129,0.8,-28.437361273947374,2.619798421859741,1.8708312511444092,4.130061149597168,True,False,False
7,2519,5038.0,edge_0009,129,0.85,-28.387361273947374,2.6186344623565674,1.9208306074142456,4.080061912536621,True,False,False
7,2519,5038.0,edge_0009,129,0.9,-28.337361273947376,2.612637996673584,1.9708317518234253,4.030060768127441,True,False,False
7,2519,5038.0,edge_0009,129,0.95,-28.287361273947376,2.6080775260925293,2.0208311080932617,3.9800615310668945,True,False,False
7,2519,5038.0,edge_0009,129,1.0,-28.237361273947375,2.61564040184021,2.0708301067352295,3.9300622940063477,True,False,False
7,2519,5038.0,edge_0009,129,1.05,-28.187361273947374,2.620565891265869,2.120831251144409,3.880061149597168,True,False,False
7,2519,5038.0,edge_0009,129,1.1,-28.137361273947374,2.6272172927856445,2.170830488204956,3.830061912536621,True,False,False
7,2519,5038.0,edge_0009,129,1.15,-28.087361273947376,2.634860038757324,2.220831871032715,3.7800607681274414,True,False,False
7,2519,5038.0,edge_0009,129,1.2,-28.037361273947376,2.6423447132110596,2.2708308696746826,3.7300612926483154,True,False,False
7,2519,5038.0,edge_0009,129,1.25,-27.987361273947375,2.6450355052948,2.3208301067352295,3.6800622940063477,True,False,False
7,2519,5038.0,edge_0009,129,1.3,-27.937361273947374,2.6441116333007812,2.370831251144409,3.630061388015747,True,False,False
7,2519,5038.0,edge_0009,129,1.35,-27.887361273947374,2.6486260890960693,2.420830726623535,3.580061912536621,True,False,False
7,2519,5038.0,edge_0009,129,1.4,-27.837361273947376,2.6483113765716553,2.470831871032715,3.5300607681274414,True,False,False
7,2519,5038.0,edge_0009,129,1.45,-27.787361273947376,2.6481974124908447,2.5208308696746826,3.4800615310668945,True,False,False
7,2519,5038.0,edge_0009,129,1.5,-27.737361273947375,2.6473989486694336,2.5708303451538086,3.4300620555877686,True,False,False
7,2519,5038.0,edge_0009,129,1.55,-27.687361273947374,2.6451120376586914,2.6208314895629883,3.380061149597168,True,False,False
7,2519,5038.0,edge_0009,129,1.6,-27.637361273947374,2.640061616897583,2.670830488204956,3.3300621509552,True,False,False
7,2519,5038.0,edge_0009,129,1.65,-27.587361273947376,2.6379828453063965,2.7208316326141357,3.2800605297088623,True,False,False
7,2519,5038.0,edge_0009,129,1.7,-27.537361273947376,2.6354267597198486,2.7708308696746826,3.2300615310668945,True,False,False
7,2519,5038.0,edge_0009,129,1.75,-27.487361273947375,2.3676917552948,2.8208303451538086,3.1800622940063477,True,False,False
7,2519,5038.0,edge_0009,129,1.8,-27.437361273947374,2.2392330169677734,2.870831251144409,3.130061149597168,True,False,False
7,2519,5038.0,edge_0009,129,1.85,-27.387361273947374,2.213987112045288,2.920830488204956,3.080061912536621,True,False,False
7,2519,5038.0,edge_0009,129,1.9,-27.337361273947376,2.1887407302856445,2.9708316326141357,3.0300607681274414,True,False,False
7,2519,5038.0,edge_0009,129,1.95,-27.287361273947376,2.163494825363159,3.0208311080932617,2.9800615310668945,True,False,False
7,2519,5038.0,edge_0009,129,2.0,-27.237361273947375,2.138249158859253,3.0708301067352295,2.9300622940063477,True,False,False
8,2551,5102.0,edge_0000,129,-1.0,-33.38174746849298,0.712798535823822,inf,0.21121087670326233,False,False,False
8,2551,5102.0,edge_0000,129,-0.95,-33.331747468492985,0.16553308069705963,inf,0.16121165454387665,False,False,False
8,2551,5102.0,edge_0000,129,-0.9,-33.28174746849298,0.11152048408985138,inf,0.11120860278606415,False,False,False
8,2551,5102.0,edge_0000,129,-0.85,-33.23174746849298,0.06070459261536598,inf,0.06120936572551727,False,False,False
8,2551,5102.0,edge_0000,129,-0.8,-33.18174746849298,0.011117677204310894,inf,0.01121012307703495,False,False,False
8,2551,5102.0,edge_0000,129,-0.75,-33.13174746849298,0.038469236344099045,0.038789115846157074,4.106246471405029,True,False,False
8,2551,5102.0,edge_0000,129,-0.7,-33.081747468492985,0.08805614709854126,0.08878835290670395,4.056246757507324,True,False,False
8,2551,5102.0,edge_0000,129,-0.65,-33.03174746849298,0.1376468539237976,0.13879141211509705,4.00624418258667,True,False,False
8,2551,5102.0,edge_0000,129,-0.6,-32.98174746849298,0.1986212432384491,0.18879064917564392,3.956245183944702,True,False,False
8,2551,5102.0,edge_0000,129,-0.55,-32.93174746849298,0.24003873765468597,0.2387898862361908,3.9062459468841553,True,False,False
8,2551,5102.0,edge_0000,129,-0.5,-32.88174746849298,0.2727847099304199,0.28878912329673767,3.8562467098236084,True,False,False
8,2551,5102.0,edge_0000,129,-0.45,-32.831747468492985,0.3055306673049927,0.33878836035728455,3.8062472343444824,True,False,False
8,2551,5102.0,edge_0000,129,-0.4,-32.78174746849298,0.33835887908935547,0.38879141211509705,3.756244421005249,True,False,False
8,2551,5102.0,edge_0000,129,-0.35,-32.73174746849298,0.3739168345928192,0.4387906491756439,3.706244945526123,True,False,False
8,2551,5102.0,edge_0000,129,-0.3,-32.68174746849298,0.41269710659980774,0.4887898862361908,3.6562459468841553,True,False,False
8,2551,5102.0,edge_0000,129,-0.25,-32.63174746849298,0.45418989658355713,0.5387890934944153,3.6062467098236084,True,False,False
8,2551,5102.0,edge_0000,129,-0.2,-32.581747468492985,0.49740999937057495,0.5887883305549622,3.5562474727630615,True,False,False
8,2551,5102.0,edge_0000,129,-0.15,-32.53174746849298,0.5422767400741577,0.6387913823127747,3.506244421005249,True,False,False
8,2551,5102.0,edge_0000,129,-0.1,-32.48174746849298,0.5879725813865662,0.6887906193733215,3.456245183944702,True,False,False
8,2551,5102.0,edge_0000,129,-0.05,-32.43174746849298,0.6338372826576233,0.7387898564338684,3.4062459468841553,True,False,False
8,2551,5102.0,edge_0000,129,0.0,-32.38174746849298,0.6821408867835999,0.7887890934944153,3.3562467098236084,True,False,False
8,2551,5102.0,edge_0000,129,0.05,-32.331747468492985,1.2519359588623047,0.8387883305549622,3.3062474727630615,True,False,False
8,2551,5102.0,edge_0000,129,0.1,-32.28174746849298,1.3049145936965942,0.8887913823127747,3.25624418258667,True,False,False
8,2551,5102.0,edge_0000,129,0.15,-32.23174746849298,1.4590189456939697,0.9387907385826111,3.206245183944702,True,False,False
8,2551,5102.0,edge_0000,129,0.2,-32.18174746849298,1.6022117137908936,0.9887899160385132,3.1562459468841553,True,True,True
8,2551,5102.0,edge_0000,129,0.25,-32.13174746849298,1.906084656715393,1.03878915309906,3.1062467098236084,True,True,True
8,2551,5102.0,edge_0000,129,0.3,-32.081747468492985,2.110292911529541,1.088788390159607,3.0562474727630615,True,False,False
8,2551,5102.0,edge_0000,129,0.35,-32.03174746849298,2.1599109172821045,1.1387914419174194,3.006244421005249,True,False,False
8,2551,5102.0,edge_0000,129,0.4,-31.981747468492983,2.209665536880493,1.1887907981872559,2.956245183944702,True,False,False
8,2551,5102.0,edge_0000,129,0.45,-31.931747468492983,2.2596731185913086,1.2387900352478027,2.9062459468841553,True,False,False
8,2551,5102.0,edge_0000,129,0.5,-31.881747468492982,2.2956128120422363,1.28878915309906,2.8562467098236084,True,False,False
8,2551,5102.0,edge_0000,129,0.55,-31.83174746849298,2.3316822052001953,1.3387902975082397,2.8062455654144287,True,False,False
8,2551,5102.0,edge_0000,129,0.6,-31.78174746849298,2.3678035736083984,1.3887895345687866,2.756246328353882,True,False,False
8,2551,5102.0,edge_0000,129,0.65,-31.731747468492983,2.403926372528076,1.4387906789779663,2.706245183944702,True,False,False
8,2551,5102.0,edge_0000,129,0.7,-31.681747468492983,2.4400475025177,1.4887899160385132,2.6562459468841553,True,False,False
8,2551,5102.0,edge_0000,129,0.75,-31.631747468492982,2.4710195064544678,1.53878915309906,2.6062467098236084,True,False,False
8,2551,5102.0,edge_0000,129,0.8,-31.58174746849298,2.4942727088928223,1.5887902975082397,2.5562455654144287,True,False,False
8,2551,5102.0,edge_0000,129,0.85,-31.53174746849298,2.5175251960754395,1.6387895345687866,2.506246328353882,True,False,False
8,2551,5102.0,edge_0000,129,0.9,-31.481747468492983,2.534968614578247,1.6887906789779663,2.456245183944702,True,False,False
8,2551,5102.0,edge_0000,129,0.95,-31.431747468492983,2.4836835861206055,1.7387899160385132,2.4062459468841553,True,False,False
8,2551,5102.0,edge_0000,129,1.0,-31.381747468492982,2.4314122200012207,1.78878915309906,2.3562467098236084,True,False,False
8,2551,5102.0,edge_0000,129,1.05,-31.33174746849298,2.4211649894714355,1.8387902975082397,2.3062453269958496,True,False,False
8,2551,5102.0,edge_0000,129,1.1,-31.28174746849298,2.442296266555786,1.8887896537780762,2.256246328353882,True,False,False
8,2551,5102.0,edge_0000,129,1.15,-31.231747468492983,2.4636189937591553,1.9387906789779663,2.206245183944702,True,False,False
8,2551,5102.0,edge_0000,129,1.2,-31.181747468492983,2.4845762252807617,1.9887899160385132,2.156245708465576,True,False,False
8,2551,5102.0,edge_0000,129,1.25,-31.131747468492982,2.5060982704162598,2.0387892723083496,2.1062467098236084,True,False,False
8,2551,5102.0,edge_0000,129,1.3,-31.08174746849298,2.5278236865997314,2.0887904167175293,2.0562455654144287,True,False,False
8,2551,5102.0,edge_0000,129,1.35,-31.03174746849298,2.5487921237945557,2.138789653778076,2.0062460899353027,True,False,False
8,2551,5102.0,edge_0000,129,1.4,-30.981747468492983,2.570732355117798,2.1887905597686768,1.9562450647354126,True,False,False
8,2551,5102.0,edge_0000,129,1.45,-30.931747468492983,2.592886447906494,2.2387897968292236,1.9062458276748657,True,False,False
8,2551,5102.0,edge_0000,129,1.5,-30.881747468492982,2.5997464656829834,2.2887890338897705,1.8562465906143188,True,False,False
8,2551,5102.0,edge_0000,129,1.55,-30.83174746849298,2.5926549434661865,2.3387904167175293,1.8062454462051392,True,False,False
8,2551,5102.0,edge_0000,129,1.6,-30.78174746849298,2.5855636596679688,2.388789653778076,1.7562462091445923,True,False,False
8,2551,5102.0,edge_0000,129,1.65,-30.731747468492983,2.578472137451172,2.4387905597686768,1.7062451839447021,True,False,False
8,2551,5102.0,edge_0000,129,1.7,-30.681747468492983,2.571385622024536,2.4887897968292236,1.6562458276748657,True,False,False
8,2551,5102.0,edge_0000,129,1.75,-30.631747468492982,2.5654799938201904,2.5387890338897705,1.6062465906143188,True,False,False
8,2551,5102.0,edge_0000,129,1.8,-30.58174746849298,2.5604708194732666,2.5887904167175293,1.5562455654144287,True,False,False
8,2551,5102.0,edge_0000,129,1.85,-30.53174746849298,2.558962821960449,2.638789653778076,1.5062462091445923,True,False,False
8,2551,5102.0,edge_0000,129,1.9,-30.481747468492983,2.5602383613586426,2.688790798187256,1.4562450647354126,True,False,False
8,2551,5102.0,edge_0000,129,1.95,-30.431747468492983,2.559901714324951,2.7387900352478027,1.4062459468841553,True,False,False
8,2551,5102.0,edge_0000,129,2.0,-30.381747468492982,2.5617575645446777,2.7887890338897705,1.3562465906143188,True,False,False
