environment,false_merge_rate_delta_median,false_merge_rate_delta_p90,false_split_rate_delta_median,false_split_rate_delta_p90,feature_drift_median_median,feature_drift_median_p90,graph_edge_change_rate_median,graph_edge_change_rate_p90,method,node_count_delta_median,node_count_delta_p90,node_id_retention_median,node_id_retention_p90,node_match_consistency_median,node_match_consistency_p90,perturbation
perlin2,0.0,0.0,0.03574660633484161,0.04952610615872326,0.027254462242126465,0.03002331256866455,0.13068181818181818,0.14431818181818182,input_geometry,23.0,23.8,0.9560439560439561,0.9560439560439561,0.9560439560439561,0.9560439560439561,sector_occlusion
perlin2,0.0,0.0,0.01978021978021971,0.042959294226899834,0.007521271705627441,0.0075406312942504885,0.017045454545454544,0.02159090909090909,input_geometry,-1.0,1.4000000000000001,0.9725274725274725,0.9725274725274725,0.9725274725274725,0.9725274725274725,random_drop
perlin2,0.0,0.0,0.0,0.0,0.0,0.0,0.0,0.0,input_geometry,0.0,0.0,1.0,1.0,1.0,1.0,density_drop
perlin2,0.0,0.0,0.018858560794044577,0.024803844583346325,0.028725802898406982,0.028782546520233154,0.028409090909090908,0.055681818181818186,input_geometry,5.0,8.2,0.9560439560439561,0.9560439560439561,0.9560439560439561,0.9560439560439561,translation
perlin2,0.0,0.0,0.005494505494505475,0.012287712287712261,0.011396229267120361,0.01182152032852173,0.005681818181818182,0.010227272727272727,input_geometry,2.0,2.8,0.967032967032967,0.9714285714285714,0.967032967032967,0.9714285714285714,rotation
perlin2,0.0,0.0,0.0243145743145744,0.025698909469401322,0.020684361457824707,0.0211742639541626,0.016304347826086956,0.029347826086956522,old_tunnel_64,0.0,3.2,0.9473684210526315,0.9473684210526315,0.9473684210526315,0.9473684210526315,sector_occlusion
perlin2,0.0,0.0,-0.03896103896103886,0.0019862490450726095,0.009056150913238525,0.009283888339996337,0.010869565217391304,0.02391304347826087,old_tunnel_64,1.0,3.4000000000000004,0.9473684210526315,0.968421052631579,0.9473684210526315,0.968421052631579,random_drop
perlin2,0.0,0.0,0.0,0.0,0.0,0.0,0.0,0.0,old_tunnel_64,0.0,0.0,1.0,1.0,1.0,1.0,density_drop
perlin2,0.0,0.0,0.022951890876419245,0.039350679602251935,0.014318585395812988,0.01461012363433838,0.016304347826086956,0.020652173913043477,old_tunnel_64,3.0,3.0,0.9473684210526315,0.951578947368421,0.9473684210526315,0.951578947368421,translation
perlin2,0.0,0.0,0.0033641057737443525,0.00801720091292175,0.011426031589508057,0.011732304096221923,0.021739130434782608,0.03043478260869565,old_tunnel_64,3.0,4.6,0.9421052631578948,0.9589473684210527,0.9421052631578948,0.9589473684210527,rotation
perlin2,0.0,0.0,-0.025523560209424034,0.020155452136255005,0.03642773628234863,0.03904576301574707,0.04854368932038835,0.06407766990291262,new_multienv_64,-10.0,-6.0,0.9333333333333333,0.9333333333333333,0.9333333333333333,0.9333333333333333,sector_occlusion
perlin2,0.0,0.0,-0.01610144965666016,-0.003639138098871241,0.01600569486618042,0.016416394710540773,0.03398058252427184,0.03786407766990291,new_multienv_64,-5.0,-2.5999999999999996,0.9476190476190476,0.959047619047619,0.9476190476190476,0.959047619047619,random_drop
perlin2,0.0,0.0,0.0,0.0,0.0,0.0,0.0,0.0,new_multienv_64,0.0,0.0,1.0,1.0,1.0,1.0,density_drop
perlin2,0.0,0.0,-0.004919164605028392,0.004684275433194252,0.013827800750732422,0.014165115356445313,0.014563106796116505,0.018446601941747572,new_multienv_64,-2.0,-1.2,0.9666666666666667,0.9742857142857143,0.9666666666666667,0.9742857142857143,translation
perlin2,0.0,0.0,-0.006343666029529849,0.009276885631630916,0.009922206401824951,0.010941922664642334,0.02912621359223301,0.02912621359223301,new_multienv_64,-2.0,-0.3999999999999999,0.9523809523809523,0.9561904761904763,0.9523809523809523,0.9561904761904763,rotation
perlin2,0.0,0.0,0.0,0.0,0.029892444610595703,0.0356050968170166,0.005,0.013000000000000001,new_multienv_128,1.0,2.6,0.9362745098039216,0.9441176470588235,0.9362745098039216,0.9441176470588235,sector_occlusion
perlin2,0.0,0.0,0.0,0.0,0.014085054397583008,0.014144229888916015,0.015,0.019,new_multienv_128,3.0,3.8,0.9607843137254902,0.9725490196078431,0.9607843137254902,0.9725490196078431,random_drop
perlin2,0.0,0.0,0.0,0.0,0.0,0.0,0.0,0.0,new_multienv_128,0.0,0.0,1.0,1.0,1.0,1.0,density_drop
perlin2,0.0,0.0,0.0,0.0,0.011818408966064453,0.011867761611938477,0.035,0.047,new_multienv_128,7.0,9.4,0.9607843137254902,0.9647058823529412,0.9607843137254902,0.9647058823529412,translation
perlin2,0.0,0.0,0.0,0.0,0.011141180992126465,0.011160159111022949,0.025,0.037000000000000005,new_multienv_128,5.0,7.4,0.9607843137254902,0.9725490196078431,0.9607843137254902,0.9725490196078431,rotation
ku,0.0,0.0,0.0,0.0,0.0925566554069519,0.0933580756187439,0.13683223992502344,0.13983130271790067,input_geometry,146.0,149.2,0.803921568627451,0.8046685340802988,0.803921568627451,0.8046685340802988,sector_occlusion
ku,0.0,0.0,0.0,0.0,0.07697826623916626,0.07715874910354614,0.11527647610121837,0.11752577319587629,input_geometry,123.0,125.4,0.8151260504201681,0.8218487394957983,0.8151260504201681,0.8218487394957983,random_drop
ku,0.0,0.0,0.0,0.0,0.0,0.0,0.0,0.0,input_geometry,0.0,0.0,1.0,1.0,1.0,1.0,density_drop
ku,0.0,0.0,0.0,0.0,0.07434773445129395,0.07446980476379395,0.004686035613870665,0.007685098406747892,input_geometry,5.0,8.2,0.8664799253034547,0.8776844070961718,0.8664799253034547,0.8776844070961718,translation
ku,0.0,0.0,0.0,0.0,0.05046766996383667,0.05086110830307007,0.0009372071227741331,0.002436738519212746,input_geometry,1.0,1.0,0.8562091503267973,0.8726423902894491,0.8562091503267973,0.8726423902894491,rotation
ku,0.0,0.0,0.0137987012987012,0.018344155844155784,0.17174410820007324,0.1738255500793457,0.058165548098434,0.06711409395973154,old_tunnel_64,53.0,60.2,0.7405345211581291,0.7414253897550112,0.7405345211581291,0.7414253897550112,sector_occlusion
ku,0.0,0.0,0.013492495528423576,0.01828291469010026,0.1123741865158081,0.1149402379989624,0.03691275167785235,0.03691275167785235,old_tunnel_64,33.0,33.0,0.77728285077951,0.7817371937639198,0.77728285077951,0.7817371937639198,random_drop
ku,0.0,0.0,0.0,0.0,0.0,0.0,0.0,0.0,old_tunnel_64,0.0,0.0,1.0,1.0,1.0,1.0,density_drop
ku,0.0,0.0,0.01228627487620293,0.012913465431451021,0.018210649490356445,0.01840524673461914,0.007829977628635347,0.015883668903803133,old_tunnel_64,-6.0,1.2000000000000004,0.8262806236080178,0.8414253897550111,0.8262806236080178,0.8414253897550111,translation
ku,0.0,0.0,-0.001209135691894403,0.004308105687415954,0.01735478639602661,0.017500650882720948,0.0044742729306487695,0.008053691275167786,old_tunnel_64,-4.0,-1.5999999999999999,0.8418708240534521,0.8525612472160357,0.8418708240534521,0.8525612472160357,rotation
ku,0.0,0.0,0.16122602887308768,0.16155059881791084,0.16189610958099365,0.1637787103652954,0.21548387096774194,0.22993548387096774,new_multienv_64,167.0,179.0,0.7406931964056482,0.7509627727856225,0.7406931964056482,0.7509627727856225,sector_occlusion
ku,0.0,0.0,0.11827731092436977,0.1308196838057257,0.047589898109436035,0.04790213108062744,0.02838709677419355,0.030451612903225806,new_multienv_64,22.0,23.6,0.7086007702182285,0.7188703465982028,0.7086007702182285,0.7188703465982028,random_drop
ku,0.0,0.0,0.0,0.0,0.0,0.0,0.0,0.0,new_multienv_64,0.0,0.0,1.0,1.0,1.0,1.0,density_drop
ku,0.0,0.0,0.058661926308985146,0.06338393697158984,0.005658388137817383,0.005786085128784179,0.00903225806451613,0.014193548387096775,new_multienv_64,-7.0,-3.8,0.8112965340179717,0.8277278562259307,0.8112965340179717,0.8277278562259307,translation
ku,0.0,0.0,0.00236822001527881,0.012238349885408662,0.00504148006439209,0.005190539360046387,0.00903225806451613,0.010064516129032258,new_multienv_64,-7.0,-7.0,0.8318356867779204,0.8585365853658536,0.8318356867779204,0.8585365853658536,rotation
ku,0.0,0.0,0.0,0.0,0.16521602869033813,0.16540085077285765,0.23259762308998302,0.23803056027164687,new_multienv_128,137.0,140.2,0.6172006745362564,0.6225969645868465,0.6172006745362564,0.6225969645868465,sector_occlusion
ku,0.0,0.0,0.0,0.0,0.03949403762817383,0.03970856666564941,0.003395585738539898,0.006112054329371817,new_multienv_128,0.0,3.2,0.6104553119730185,0.6212478920741991,0.6104553119730185,0.6212478920741991,random_drop
ku,0.0,0.0,0.0,0.0,0.0,0.0,0.0,0.0,new_multienv_128,0.0,0.0,1.0,1.0,1.0,1.0,density_drop
ku,0.0,0.0,0.0,0.0,0.005070686340332031,0.005088996887207031,0.0050933786078098476,0.007809847198641766,new_multienv_128,-3.0,1.0000000000000002,0.806070826306914,0.8411467116357504,0.806070826306914,0.8411467116357504,translation
ku,0.0,0.0,0.0,0.0,0.004470944404602051,0.004521918296813965,0.008488964346349746,0.013921901528013583,new_multienv_128,-5.0,-3.4,0.8381112984822934,0.8448566610455313,0.8381112984822934,0.8448566610455313,rotation
campus,0.0,0.0,0.0,0.0,0.09293264150619507,0.09603732824325562,0.3333333333333333,0.35873015873015873,input_geometry,21.0,22.6,0.5,0.5125,0.5,0.5125,sector_occlusion
campus,0.0,0.0,0.0,0.0,0.006732434034347534,0.006829684972763062,0.015873015873015872,0.02857142857142857,input_geometry,1.0,1.8,0.796875,0.859375,0.796875,0.859375,random_drop
campus,0.0,0.0,0.0,0.0,0.0,0.0,0.0,0.0,input_geometry,0.0,0.0,1.0,1.0,1.0,1.0,density_drop
campus,0.0,0.0,0.0,0.0,0.021007388830184937,0.02124616503715515,0.015873015873015872,0.015873015873015872,input_geometry,1.0,1.0,0.546875,0.546875,0.546875,0.546875,translation
campus,0.0,0.0,0.0,0.0,0.011189818382263184,0.011374378204345703,0.0,0.0,input_geometry,0.0,0.0,0.609375,0.771875,0.609375,0.771875,rotation
campus,0.0,0.0,0.0,0.0,0.18870285153388977,0.19069047570228576,0.1527777777777778,0.1638888888888889,old_tunnel_64,11.0,11.8,0.5068493150684932,0.5068493150684932,0.5068493150684932,0.5068493150684932,sector_occlusion
campus,0.0,0.0,-0.1428571428571429,-0.028571428571428574,0.016523391008377075,0.017109876871109007,0.013888888888888888,0.03611111111111111,old_tunnel_64,-1.0,-0.19999999999999996,0.5616438356164384,0.5945205479452055,0.5616438356164384,0.5945205479452055,random_drop
campus,0.0,0.0,0.0,0.0,0.0,0.0,0.0,0.0,old_tunnel_64,0.0,0.0,1.0,1.0,1.0,1.0,density_drop
campus,0.0,0.0,0.0,0.0,0.014252990484237671,0.014343971014022827,0.0,0.022222222222222223,old_tunnel_64,0.0,0.0,0.6712328767123288,0.6821917808219178,0.6712328767123288,0.6821917808219178,translation
campus,0.0,0.0,0.0,0.0,0.009874492883682251,0.010377007722854614,0.013888888888888888,0.024999999999999998,old_tunnel_64,-1.0,0.6000000000000001,0.7123287671232876,0.7561643835616438,0.7123287671232876,0.7561643835616438,rotation
campus,0.0,0.0,0.5,0.5,0.10235956311225891,0.10562401413917541,0.14285714285714285,0.19365079365079363,new_multienv_64,9.0,12.2,0.53125,0.54375,0.53125,0.54375,sector_occlusion
campus,0.0,0.0,0.5,0.5,0.008144646883010864,0.0083437979221344,0.07936507936507936,0.10476190476190475,new_multienv_64,-5.0,-3.4,0.546875,0.609375,0.546875,0.609375,random_drop
campus,0.0,0.0,0.0,0.0,0.0,0.0,0.0,0.0,new_multienv_64,0.0,0.0,1.0,1.0,1.0,1.0,density_drop
campus,0.0,0.0,0.0,0.24000000000000005,0.005043208599090576,0.0054163336753845215,0.0,0.012698412698412698,new_multienv_64,1.0,1.0,0.71875,0.74375,0.71875,0.74375,translation
campus,0.0,0.0,0.0,0.2,0.003652036190032959,0.003973686695098877,0.047619047619047616,0.047619047619047616,new_multienv_64,-1.0,-1.0,0.796875,0.834375,0.796875,0.834375,rotation
campus,0.0,0.0,0.0,0.0,0.12847211956977844,0.14323912262916566,0.2,0.21454545454545454,new_multienv_128,11.0,11.8,0.5178571428571429,0.5464285714285715,0.5178571428571429,0.5464285714285715,sector_occlusion
campus,0.0,0.0,0.0,0.0,0.008284419775009155,0.008298224210739136,0.01818181818181818,0.03272727272727273,new_multienv_128,0.0,0.8,0.7321428571428571,0.7607142857142858,0.7321428571428571,0.7607142857142858,random_drop
campus,0.0,0.0,0.0,0.0,0.0,0.0,0.0,0.0,new_multienv_128,0.0,0.0,1.0,1.0,1.0,1.0,density_drop
campus,0.0,0.0,0.0,0.0,0.005049914121627808,0.0051619231700897215,0.01818181818181818,0.01818181818181818,new_multienv_128,-1.0,-0.19999999999999996,0.7678571428571429,0.925,0.7678571428571429,0.925,translation
campus,0.0,0.0,0.0,0.0,0.004624158143997192,0.004635053873062134,0.0,0.0,new_multienv_128,0.0,0.0,0.9285714285714286,0.9428571428571428,0.9285714285714286,0.9428571428571428,rotation
indoor,0.0,0.0,0.5,0.5,0.08500868082046509,0.08785115480422974,0.14285714285714285,0.16190476190476188,input_geometry,12.0,13.6,0.788235294117647,0.8070588235294117,0.788235294117647,0.8070588235294117,sector_occlusion
indoor,0.0,0.0,0.0,0.0,0.005270063877105713,0.0052708745002746586,0.011904761904761904,0.011904761904761904,input_geometry,-1.0,-1.0,0.9294117647058824,0.9482352941176471,0.9294117647058824,0.9482352941176471,random_drop
indoor,0.0,0.0,0.0,0.0,0.0,0.0,0.0,0.0,input_geometry,0.0,0.0,1.0,1.0,1.0,1.0,density_drop
indoor,0.0,0.0,0.5,0.5,0.028735995292663574,0.029925274848937988,0.03571428571428571,0.05476190476190476,input_geometry,3.0,4.6,0.8235294117647058,0.8611764705882353,0.8235294117647058,0.8611764705882353,translation
indoor,0.0,0.0,0.0,0.4,0.01087045669555664,0.011534404754638673,0.011904761904761904,0.02142857142857143,input_geometry,1.0,1.8,0.9058823529411765,0.9247058823529412,0.9058823529411765,0.9247058823529412,rotation
indoor,0.0,0.0,0.0,0.0,0.09538233280181885,0.09777290821075439,0.020833333333333332,0.020833333333333332,old_tunnel_64,2.0,2.0,0.7938144329896907,0.8597938144329896,0.7938144329896907,0.8597938144329896,sector_occlusion
indoor,0.0,0.0,0.0,0.0,0.007157504558563232,0.007189500331878662,0.010416666666666666,0.010416666666666666,old_tunnel_64,1.0,1.8,0.8762886597938144,0.9587628865979381,0.8762886597938144,0.9587628865979381,random_drop
indoor,0.0,0.0,0.0,0.0,0.0,0.0,0.0,0.0,old_tunnel_64,0.0,0.0,1.0,1.0,1.0,1.0,density_drop
indoor,0.0,0.0,0.0,0.0,0.014579296112060547,0.014592361450195313,0.020833333333333332,0.0375,old_tunnel_64,2.0,3.6,0.8865979381443299,0.9443298969072165,0.8865979381443299,0.9443298969072165,translation
indoor,0.0,0.0,0.0,0.0,0.011957049369812012,0.013152623176574707,0.010416666666666666,0.010416666666666666,old_tunnel_64,-1.0,0.6000000000000001,0.9072164948453608,0.9237113402061856,0.9072164948453608,0.9237113402061856,rotation
indoor,0.0,0.0,0.0,0.0,0.06369483470916748,0.06981475353240967,0.01904761904761905,0.01904761904761905,new_multienv_64,1.0,1.8,0.7962962962962963,0.8037037037037037,0.7962962962962963,0.8037037037037037,sector_occlusion
indoor,0.0,0.0,0.0,0.0,0.008118510246276855,0.008376288414001464,0.009523809523809525,0.017142857142857144,new_multienv_64,-2.0,-1.2,0.9166666666666666,0.924074074074074,0.9166666666666666,0.924074074074074,random_drop
indoor,0.0,0.0,0.0,0.0,0.0,0.0,0.0,0.0,new_multienv_64,0.0,0.0,1.0,1.0,1.0,1.0,density_drop
indoor,0.0,0.0,0.0,0.0,0.009135127067565918,0.010172247886657715,0.01904761904761905,0.03428571428571429,new_multienv_64,-3.0,0.20000000000000018,0.8703703703703703,0.9148148148148149,0.8703703703703703,0.9148148148148149,translation
indoor,0.0,0.0,0.0,0.0,0.007355093955993652,0.007847189903259277,0.01904761904761905,0.0419047619047619,new_multienv_64,-2.0,-1.2,0.8888888888888888,0.9407407407407408,0.8888888888888888,0.9407407407407408,rotation
indoor,0.0,0.0,0.0,0.0,0.06394070386886597,0.06669305562973023,0.020202020202020204,0.028282828282828285,new_multienv_128,2.0,2.8,0.79,0.798,0.79,0.798,sector_occlusion
indoor,0.0,0.0,0.0,0.0,0.00598454475402832,0.006343555450439453,0.010101010101010102,0.026262626262626265,new_multienv_128,1.0,1.0,0.81,0.81,0.81,0.81,random_drop
indoor,0.0,0.0,0.0,0.0,0.0,0.0,0.0,0.0,new_multienv_128,0.0,0.0,1.0,1.0,1.0,1.0,density_drop
indoor,0.0,0.0,0.0,0.0,0.008203744888305664,0.008693552017211914,0.010101010101010102,0.018181818181818184,new_multienv_128,1.0,1.0,0.73,0.746,0.73,0.746,translation
indoor,0.0,0.0,0.0,0.0,0.009305119514465332,0.009720110893249511,0.020202020202020204,0.028282828282828285,new_multienv_128,-2.0,-1.2,0.72,0.768,0.72,0.768,rotation
