split,task_id,parent_id,geometry_realization,rows,active_primitives,observed_endpoints,physical_clusters,observable_multimember_clusters,observed_singletons_from_physical_multimember,undirected_attachment_labels,observable_undirected_attachment_labels,maximum_clusters_per_row,maximum_cluster_size,passed
fit,S01_flat_tree_small_C01__c1_mixed,S01_flat_tree_small_C01,c1_mixed,1252,9618,16097,7769,7517,202,8939,8077,11,3,True
fit,S01_flat_tree_small_C01__ellipse,S01_flat_tree_small_C01,ellipse,1252,9864,16473,8018,7859,112,9204,8147,11,3,True
fit,S01_flat_tree_small_C01__rounded_rectangle,S01_flat_tree_small_C01,rounded_rectangle,1252,9439,15391,7611,7222,339,8737,7398,11,3,True
fit,S01_flat_tree_small_C02__c1_mixed,S01_flat_tree_small_C02,c1_mixed,1134,9231,15411,7583,7222,285,8611,7624,13,3,True
fit,S01_flat_tree_small_C02__ellipse,S01_flat_tree_small_C02,ellipse,1134,9467,16050,7807,7593,126,8853,8115,13,3,True
fit,S01_flat_tree_small_C02__rounded_rectangle,S01_flat_tree_small_C02,rounded_rectangle,1134,9114,15048,7480,6984,410,8480,7452,13,3,True
fit,S01_flat_tree_small_C03__c1_mixed,S01_flat_tree_small_C03,c1_mixed,1522,10209,16412,8247,7849,319,9127,7849,9,3,True
fit,S01_flat_tree_small_C03__ellipse,S01_flat_tree_small_C03,ellipse,1522,10470,17044,8493,8231,208,9403,8231,9,3,True
fit,S01_flat_tree_small_C03__rounded_rectangle,S01_flat_tree_small_C03,rounded_rectangle,1522,10043,15900,8077,7543,438,8965,7543,9,3,True
fit,S01_flat_tree_small_C04__c1_mixed,S01_flat_tree_small_C04,c1_mixed,860,7863,13304,6554,6170,288,7308,6542,15,3,True
fit,S01_flat_tree_small_C04__ellipse,S01_flat_tree_small_C04,ellipse,860,8085,13590,6754,6376,274,7504,6562,17,3,True
fit,S01_flat_tree_small_C04__rounded_rectangle,S01_flat_tree_small_C04,rounded_rectangle,860,7606,12653,6355,5878,395,7117,5994,14,3,True
fit,S01_flat_tree_small_C05__c1_mixed,S01_flat_tree_small_C05,c1_mixed,1176,8872,14481,7170,6898,167,8222,7052,15,3,True
fit,S01_flat_tree_small_C05__ellipse,S01_flat_tree_small_C05,ellipse,1176,9156,15006,7441,7191,140,8519,7305,15,3,True
fit,S01_flat_tree_small_C05__rounded_rectangle,S01_flat_tree_small_C05,rounded_rectangle,1176,8677,13998,6978,6633,243,8024,6767,15,3,True
fit,S01_flat_tree_small_C06__c1_mixed,S01_flat_tree_small_C06,c1_mixed,1224,9316,14807,7494,7042,376,8320,7042,14,3,True
fit,S01_flat_tree_small_C06__ellipse,S01_flat_tree_small_C06,ellipse,1224,9514,15401,7694,7402,221,8500,7402,15,3,True
fit,S01_flat_tree_small_C06__rounded_rectangle,S01_flat_tree_small_C06,rounded_rectangle,1224,9106,14418,7310,6860,349,8102,6860,14,3,True
fit,S02_3d_tree_small_C01__c1_mixed,S02_3d_tree_small_C01,c1_mixed,1314,10224,17385,8492,8259,172,9328,8751,12,3,True
fit,S02_3d_tree_small_C01__ellipse,S02_3d_tree_small_C01,ellipse,1314,10292,17502,8544,8345,144,9412,8827,12,3,True
fit,S02_3d_tree_small_C01__rounded_rectangle,S02_3d_tree_small_C01,rounded_rectangle,1314,10110,16886,8364,7905,386,9194,8415,12,3,True
fit,S02_3d_tree_small_C02__c1_mixed,S02_3d_tree_small_C02,c1_mixed,1212,9960,16268,7937,7586,266,9105,8202,12,3,True
fit,S02_3d_tree_small_C02__ellipse,S02_3d_tree_small_C02,ellipse,1212,10063,16600,8046,7807,176,9236,8457,13,3,True
fit,S02_3d_tree_small_C02__rounded_rectangle,S02_3d_tree_small_C02,rounded_rectangle,1212,9827,15925,7813,7346,369,8971,8076,12,3,True
fit,S02_3d_tree_small_C03__c1_mixed,S02_3d_tree_small_C03,c1_mixed,1618,10571,16987,8303,7959,209,9601,8703,8,3,True
fit,S02_3d_tree_small_C03__ellipse,S02_3d_tree_small_C03,ellipse,1618,10673,17202,8397,8082,194,9709,8820,8,3,True
fit,S02_3d_tree_small_C03__rounded_rectangle,S02_3d_tree_small_C03,rounded_rectangle,1618,10412,16644,8157,7717,319,9431,8545,8,3,True
fit,S02_3d_tree_small_C04__c1_mixed,S02_3d_tree_small_C04,c1_mixed,1042,9195,15447,7627,7364,173,8395,7530,15,3,True
fit,S02_3d_tree_small_C04__ellipse,S02_3d_tree_small_C04,ellipse,1042,9323,15636,7797,7520,141,8495,7636,15,3,True
fit,S02_3d_tree_small_C04__rounded_rectangle,S02_3d_tree_small_C04,rounded_rectangle,1042,9084,15076,7510,7077,351,8272,7369,14,3,True
fit,S02_3d_tree_small_C05__c1_mixed,S02_3d_tree_small_C05,c1_mixed,1292,9501,15875,7695,7489,153,8705,7835,10,3,True
fit,S02_3d_tree_small_C05__ellipse,S02_3d_tree_small_C05,ellipse,1292,9686,16247,7887,7676,150,8901,8076,10,3,True
fit,S02_3d_tree_small_C05__rounded_rectangle,S02_3d_tree_small_C05,rounded_rectangle,1292,9361,15285,7563,7125,342,8553,7481,10,3,True
fit,S02_3d_tree_small_C06__c1_mixed,S02_3d_tree_small_C06,c1_mixed,1538,10004,16144,8000,7744,172,8724,7744,10,3,True
fit,S02_3d_tree_small_C06__ellipse,S02_3d_tree_small_C06,ellipse,1538,10146,16397,8117,7876,174,8839,7876,9,3,True
fit,S02_3d_tree_small_C06__rounded_rectangle,S02_3d_tree_small_C06,rounded_rectangle,1538,9854,15749,7845,7438,336,8585,7616,10,3,True
fit,S03_flat_unicyclic_small_C01__c1_mixed,S03_flat_unicyclic_small_C01,c1_mixed,1510,11300,18104,8937,8376,470,10625,9212,11,3,True
fit,S03_flat_unicyclic_small_C01__ellipse,S03_flat_unicyclic_small_C01,ellipse,1510,11550,18742,9179,8795,276,10883,9649,13,3,True
fit,S03_flat_unicyclic_small_C01__rounded_rectangle,S03_flat_unicyclic_small_C01,rounded_rectangle,1510,11096,17571,8741,8065,575,10419,8945,11,3,True
fit,S03_flat_unicyclic_small_C02__c1_mixed,S03_flat_unicyclic_small_C02,c1_mixed,1864,13560,21623,10786,10161,579,12606,10635,11,3,True
fit,S03_flat_unicyclic_small_C02__ellipse,S03_flat_unicyclic_small_C02,ellipse,1864,13777,22103,10994,10515,419,12832,10943,11,3,True
fit,S03_flat_unicyclic_small_C02__rounded_rectangle,S03_flat_unicyclic_small_C02,rounded_rectangle,1864,13353,20880,10606,9805,754,12372,9951,11,3,True
fit,S03_flat_unicyclic_small_C03__c1_mixed,S03_flat_unicyclic_small_C03,c1_mixed,1770,11975,19158,9228,8913,208,11158,10057,12,3,True
fit,S03_flat_unicyclic_small_C03__ellipse,S03_flat_unicyclic_small_C03,ellipse,1770,12121,19415,9385,9155,149,11305,9973,12,3,True
fit,S03_flat_unicyclic_small_C03__rounded_rectangle,S03_flat_unicyclic_small_C03,rounded_rectangle,1770,11820,18608,9091,8630,357,10997,9614,12,3,True
fit,S03_flat_unicyclic_small_C04__c1_mixed,S03_flat_unicyclic_small_C04,c1_mixed,1566,13005,20257,10233,9505,342,11981,10075,13,3,True
fit,S03_flat_unicyclic_small_C04__ellipse,S03_flat_unicyclic_small_C04,ellipse,1566,13218,20766,10463,9849,214,12189,10365,14,3,True
fit,S03_flat_unicyclic_small_C04__rounded_rectangle,S03_flat_unicyclic_small_C04,rounded_rectangle,1566,12281,18906,9577,8736,650,11247,9298,13,3,True
fit,S03_flat_unicyclic_small_C05__c1_mixed,S03_flat_unicyclic_small_C05,c1_mixed,1444,11294,17887,8816,8419,275,10884,8877,12,3,True
fit,S03_flat_unicyclic_small_C05__ellipse,S03_flat_unicyclic_small_C05,ellipse,1444,11558,18647,9066,8798,183,11162,9520,12,3,True
fit,S03_flat_unicyclic_small_C05__rounded_rectangle,S03_flat_unicyclic_small_C05,rounded_rectangle,1444,11019,17308,8571,8113,317,10579,8609,11,3,True
fit,S03_flat_unicyclic_small_C06__c1_mixed,S03_flat_unicyclic_small_C06,c1_mixed,1380,11803,19648,9639,9307,271,11207,9907,13,3,True
fit,S03_flat_unicyclic_small_C06__ellipse,S03_flat_unicyclic_small_C06,ellipse,1380,12069,20136,9871,9651,177,11507,10203,13,3,True
fit,S03_flat_unicyclic_small_C06__rounded_rectangle,S03_flat_unicyclic_small_C06,rounded_rectangle,1380,11679,19054,9499,8941,454,11099,9563,13,3,True
fit,S04_3d_unicyclic_small_C01__c1_mixed,S04_3d_unicyclic_small_C01,c1_mixed,1408,12529,20773,10184,9787,299,11662,10573,11,3,True
fit,S04_3d_unicyclic_small_C01__ellipse,S04_3d_unicyclic_small_C01,ellipse,1408,12640,21119,10395,10055,231,11845,10645,11,3,True
fit,S04_3d_unicyclic_small_C01__rounded_rectangle,S04_3d_unicyclic_small_C01,rounded_rectangle,1408,12236,20112,9908,9380,404,11394,10334,11,3,True
fit,S04_3d_unicyclic_small_C02__c1_mixed,S04_3d_unicyclic_small_C02,c1_mixed,1174,11174,19066,9276,8966,190,10716,9784,15,3,True
fit,S04_3d_unicyclic_small_C02__ellipse,S04_3d_unicyclic_small_C02,ellipse,1174,11473,19546,9554,9273,163,11032,9919,16,3,True
fit,S04_3d_unicyclic_small_C02__rounded_rectangle,S04_3d_unicyclic_small_C02,rounded_rectangle,1174,11030,18787,9121,8762,258,10583,9764,15,3,True
fit,S04_3d_unicyclic_small_C03__c1_mixed,S04_3d_unicyclic_small_C03,c1_mixed,1754,11828,18360,8887,8570,213,10969,9596,9,3,True
fit,S04_3d_unicyclic_small_C03__ellipse,S04_3d_unicyclic_small_C03,ellipse,1754,11937,18899,9132,8853,180,11228,9869,9,3,True
fit,S04_3d_unicyclic_small_C03__rounded_rectangle,S04_3d_unicyclic_small_C03,rounded_rectangle,1754,11661,17990,8730,8366,260,10800,9410,9,3,True
fit,S04_3d_unicyclic_small_C04__c1_mixed,S04_3d_unicyclic_small_C04,c1_mixed,1268,11316,18577,9105,8642,382,10975,9204,13,3,True
fit,S04_3d_unicyclic_small_C04__ellipse,S04_3d_unicyclic_small_C04,ellipse,1268,11713,19363,9479,9096,296,11401,9768,13,3,True
fit,S04_3d_unicyclic_small_C04__rounded_rectangle,S04_3d_unicyclic_small_C04,rounded_rectangle,1268,11138,18111,8922,8353,482,10800,9085,13,3,True
fit,S04_3d_unicyclic_small_C05__c1_mixed,S04_3d_unicyclic_small_C05,c1_mixed,1058,9772,16023,7756,7455,171,9672,8377,14,3,True
fit,S04_3d_unicyclic_small_C05__ellipse,S04_3d_unicyclic_small_C05,ellipse,1058,9993,16499,7952,7662,145,9906,8770,14,3,True
fit,S04_3d_unicyclic_small_C05__rounded_rectangle,S04_3d_unicyclic_small_C05,rounded_rectangle,1058,9607,15769,7594,7238,230,9502,8402,14,3,True
fit,S04_3d_unicyclic_small_C06__c1_mixed,S04_3d_unicyclic_small_C06,c1_mixed,1408,11971,19895,9584,9149,393,11522,10269,13,3,True
fit,S04_3d_unicyclic_small_C06__ellipse,S04_3d_unicyclic_small_C06,ellipse,1408,12079,20308,9702,9463,204,11622,10605,13,3,True
fit,S04_3d_unicyclic_small_C06__rounded_rectangle,S04_3d_unicyclic_small_C06,rounded_rectangle,1408,11806,19517,9432,8881,499,11356,10197,13,3,True
fit,S05_flat_branch_medium_C01__c1_mixed,S05_flat_branch_medium_C01,c1_mixed,2190,16784,26754,13129,12472,505,16314,13532,13,4,True
fit,S05_flat_branch_medium_C01__ellipse,S05_flat_branch_medium_C01,ellipse,2190,17220,27651,13574,13085,322,16765,13935,13,4,True
fit,S05_flat_branch_medium_C01__rounded_rectangle,S05_flat_branch_medium_C01,rounded_rectangle,2190,16515,25688,12924,12114,650,15951,12396,13,4,True
fit,S05_flat_branch_medium_C02__c1_mixed,S05_flat_branch_medium_C02,c1_mixed,2412,19079,30812,15371,14260,910,18179,15188,12,4,True
fit,S05_flat_branch_medium_C02__ellipse,S05_flat_branch_medium_C02,ellipse,2412,19434,31563,15710,14973,505,18535,15567,12,4,True
fit,S05_flat_branch_medium_C02__rounded_rectangle,S05_flat_branch_medium_C02,rounded_rectangle,2412,18758,29448,15087,13547,1253,17796,14127,12,4,True
fit,S05_flat_branch_medium_C03__c1_mixed,S05_flat_branch_medium_C03,c1_mixed,2468,19405,30417,15146,14203,614,18504,15469,12,4,True
fit,S05_flat_branch_medium_C03__ellipse,S05_flat_branch_medium_C03,ellipse,2468,19770,31441,15503,14826,441,18883,16042,12,4,True
fit,S05_flat_branch_medium_C03__rounded_rectangle,S05_flat_branch_medium_C03,rounded_rectangle,2468,19030,29304,14785,13531,838,18094,14881,12,4,True
fit,S05_flat_branch_medium_C04__c1_mixed,S05_flat_branch_medium_C04,c1_mixed,2088,16727,27034,13153,12379,604,16336,14060,14,4,True
fit,S05_flat_branch_medium_C04__ellipse,S05_flat_branch_medium_C04,ellipse,2088,17088,27817,13463,12992,295,16770,14473,14,4,True
fit,S05_flat_branch_medium_C04__rounded_rectangle,S05_flat_branch_medium_C04,rounded_rectangle,2088,16461,25807,12905,11635,1024,16046,13242,14,4,True
fit,S05_flat_branch_medium_C05__c1_mixed,S05_flat_branch_medium_C05,c1_mixed,1980,15962,25896,12603,11910,441,15351,13488,13,3,True
fit,S05_flat_branch_medium_C05__ellipse,S05_flat_branch_medium_C05,ellipse,1980,16246,26601,12897,12432,248,15617,13822,13,3,True
fit,S05_flat_branch_medium_C05__rounded_rectangle,S05_flat_branch_medium_C05,rounded_rectangle,1980,15671,24870,12319,11414,661,15035,12612,13,3,True
fit,S05_flat_branch_medium_C06__c1_mixed,S05_flat_branch_medium_C06,c1_mixed,2752,19349,30716,14981,14351,514,18185,15643,10,3,True
fit,S05_flat_branch_medium_C06__ellipse,S05_flat_branch_medium_C06,ellipse,2752,19498,31251,15146,14795,253,18342,15983,10,3,True
fit,S05_flat_branch_medium_C06__rounded_rectangle,S05_flat_branch_medium_C06,rounded_rectangle,2752,19076,29560,14729,13765,807,17919,14621,10,3,True
fit,S06_3d_branch_medium_C01__c1_mixed,S06_3d_branch_medium_C01,c1_mixed,1654,15120,24784,12126,11442,512,14694,12720,18,3,True
fit,S06_3d_branch_medium_C01__ellipse,S06_3d_branch_medium_C01,ellipse,1654,15527,25470,12506,11873,480,15106,12943,18,3,True
fit,S06_3d_branch_medium_C01__rounded_rectangle,S06_3d_branch_medium_C01,rounded_rectangle,1654,14716,23736,11791,10983,592,14281,12047,16,3,True
fit,S06_3d_branch_medium_C02__c1_mixed,S06_3d_branch_medium_C02,c1_mixed,1914,15725,25608,12484,11968,412,14448,13222,14,3,True
fit,S06_3d_branch_medium_C02__ellipse,S06_3d_branch_medium_C02,ellipse,1914,15862,26163,12716,12296,303,14712,13550,14,3,True
fit,S06_3d_branch_medium_C02__rounded_rectangle,S06_3d_branch_medium_C02,rounded_rectangle,1914,15517,24915,12300,11600,572,14214,12730,14,3,True
fit,S06_3d_branch_medium_C03__c1_mixed,S06_3d_branch_medium_C03,c1_mixed,1782,16128,26229,12814,12215,466,15628,13097,14,3,True
fit,S06_3d_branch_medium_C03__ellipse,S06_3d_branch_medium_C03,ellipse,1782,16473,26970,13121,12775,235,16003,13583,15,3,True
fit,S06_3d_branch_medium_C03__rounded_rectangle,S06_3d_branch_medium_C03,rounded_rectangle,1782,15886,25363,12607,11904,518,15377,12490,13,3,True
fit,S06_3d_branch_medium_C04__c1_mixed,S06_3d_branch_medium_C04,c1_mixed,3006,19837,31855,15629,15193,334,18029,16141,10,3,True
fit,S06_3d_branch_medium_C04__ellipse,S06_3d_branch_medium_C04,ellipse,3006,20354,32340,16013,15553,359,18379,16111,10,3,True
fit,S06_3d_branch_medium_C04__rounded_rectangle,S06_3d_branch_medium_C04,rounded_rectangle,3006,19614,31035,15416,14684,619,17794,15624,10,3,True
fit,S06_3d_branch_medium_C05__c1_mixed,S06_3d_branch_medium_C05,c1_mixed,2208,17227,27527,13637,12982,527,16425,13676,14,4,True
fit,S06_3d_branch_medium_C05__ellipse,S06_3d_branch_medium_C05,ellipse,2208,17342,27993,13886,13380,343,16560,13882,14,4,True
fit,S06_3d_branch_medium_C05__rounded_rectangle,S06_3d_branch_medium_C05,rounded_rectangle,2208,16927,26895,13424,12668,600,16205,13318,14,4,True
fit,S06_3d_branch_medium_C06__c1_mixed,S06_3d_branch_medium_C06,c1_mixed,2472,19344,30704,15392,14532,683,18067,14998,11,4,True
fit,S06_3d_branch_medium_C06__ellipse,S06_3d_branch_medium_C06,ellipse,2472,19485,31150,15570,14816,614,18194,15263,11,4,True
fit,S06_3d_branch_medium_C06__rounded_rectangle,S06_3d_branch_medium_C06,rounded_rectangle,2472,19228,30063,15186,14020,895,17800,14953,11,4,True
fit,S07_flat_loop_rich_C01__c1_mixed,S07_flat_loop_rich_C01,c1_mixed,3432,26330,41186,20576,19064,1309,25210,20530,11,3,True
fit,S07_flat_loop_rich_C01__ellipse,S07_flat_loop_rich_C01,ellipse,3432,26966,42335,21131,20099,795,25921,21019,11,3,True
fit,S07_flat_loop_rich_C01__rounded_rectangle,S07_flat_loop_rich_C01,rounded_rectangle,3432,25937,39621,20211,18100,1748,24795,19670,11,3,True
fit,S07_flat_loop_rich_C02__c1_mixed,S07_flat_loop_rich_C02,c1_mixed,3468,27341,42557,21174,19881,857,27164,21701,11,4,True
fit,S07_flat_loop_rich_C02__ellipse,S07_flat_loop_rich_C02,ellipse,3468,28150,43652,21934,20772,580,28081,22022,12,4,True
fit,S07_flat_loop_rich_C02__rounded_rectangle,S07_flat_loop_rich_C02,rounded_rectangle,3468,26813,40761,20703,18807,1409,26548,20391,11,4,True
fit,S07_flat_loop_rich_C03__c1_mixed,S07_flat_loop_rich_C03,c1_mixed,2662,24921,38706,19324,17878,844,23933,19692,18,4,True
fit,S07_flat_loop_rich_C03__ellipse,S07_flat_loop_rich_C03,ellipse,2662,25817,40108,20113,18775,575,24857,20514,19,4,True
fit,S07_flat_loop_rich_C03__rounded_rectangle,S07_flat_loop_rich_C03,rounded_rectangle,2662,24119,37020,18697,16869,1210,23248,18808,18,4,True
fit,S07_flat_loop_rich_C04__c1_mixed,S07_flat_loop_rich_C04,c1_mixed,3408,26163,40007,19576,18577,719,25754,20453,12,4,True
fit,S07_flat_loop_rich_C04__ellipse,S07_flat_loop_rich_C04,ellipse,3408,26818,40992,20248,19278,603,26425,20594,13,4,True
fit,S07_flat_loop_rich_C04__rounded_rectangle,S07_flat_loop_rich_C04,rounded_rectangle,3408,25023,37799,18735,17407,1040,24674,19275,12,4,True
fit,S07_flat_loop_rich_C05__c1_mixed,S07_flat_loop_rich_C05,c1_mixed,2800,24441,38964,19028,18064,632,24804,20411,16,4,True
fit,S07_flat_loop_rich_C05__ellipse,S07_flat_loop_rich_C05,ellipse,2800,24912,39660,19512,18689,480,25221,20337,17,4,True
fit,S07_flat_loop_rich_C05__rounded_rectangle,S07_flat_loop_rich_C05,rounded_rectangle,2800,24012,37550,18649,17419,919,24320,19113,16,4,True
fit,S07_flat_loop_rich_C06__c1_mixed,S07_flat_loop_rich_C06,c1_mixed,3026,25018,38246,19227,17852,994,24033,18996,15,3,True
fit,S07_flat_loop_rich_C06__ellipse,S07_flat_loop_rich_C06,ellipse,3026,25745,39696,19924,18659,864,24854,19923,15,3,True
fit,S07_flat_loop_rich_C06__rounded_rectangle,S07_flat_loop_rich_C06,rounded_rectangle,3026,24242,36273,18531,16905,1311,23127,17377,13,3,True
fit,S08_3d_loop_rich_C01__c1_mixed,S08_3d_loop_rich_C01,c1_mixed,3230,26156,42192,20770,20023,542,25007,21575,15,4,True
fit,S08_3d_loop_rich_C01__ellipse,S08_3d_loop_rich_C01,ellipse,3230,26264,42676,21044,20458,378,25211,21692,14,4,True
fit,S08_3d_loop_rich_C01__rounded_rectangle,S08_3d_loop_rich_C01,rounded_rectangle,3230,25504,40792,20282,19282,780,24465,20746,13,4,True
fit,S08_3d_loop_rich_C02__c1_mixed,S08_3d_loop_rich_C02,c1_mixed,3304,26887,41922,20655,19377,848,25717,22147,14,4,True
fit,S08_3d_loop_rich_C02__ellipse,S08_3d_loop_rich_C02,ellipse,3304,27044,41937,20822,19688,751,25942,21675,14,4,True
fit,S08_3d_loop_rich_C02__rounded_rectangle,S08_3d_loop_rich_C02,rounded_rectangle,3304,26519,40797,20308,18896,958,25356,21334,15,4,True
fit,S08_3d_loop_rich_C03__c1_mixed,S08_3d_loop_rich_C03,c1_mixed,2364,21014,33926,17040,15974,743,19782,16968,19,3,True
fit,S08_3d_loop_rich_C03__ellipse,S08_3d_loop_rich_C03,ellipse,2364,21027,34632,17206,16474,477,19930,17424,19,3,True
fit,S08_3d_loop_rich_C03__rounded_rectangle,S08_3d_loop_rich_C03,rounded_rectangle,2364,20276,32889,16478,15350,820,19186,16670,17,3,True
fit,S08_3d_loop_rich_C04__c1_mixed,S08_3d_loop_rich_C04,c1_mixed,3650,27018,42197,20488,19418,761,25792,22698,13,4,True
fit,S08_3d_loop_rich_C04__ellipse,S08_3d_loop_rich_C04,ellipse,3650,27303,42509,20873,19959,599,26086,22075,13,4,True
fit,S08_3d_loop_rich_C04__rounded_rectangle,S08_3d_loop_rich_C04,rounded_rectangle,3650,26619,40683,20111,18739,979,25413,21389,13,4,True
fit,S08_3d_loop_rich_C05__c1_mixed,S08_3d_loop_rich_C05,c1_mixed,2668,24532,39312,19425,18337,803,23597,20238,18,4,True
fit,S08_3d_loop_rich_C05__ellipse,S08_3d_loop_rich_C05,ellipse,2668,24533,39641,19669,18758,601,23770,20390,16,4,True
fit,S08_3d_loop_rich_C05__rounded_rectangle,S08_3d_loop_rich_C05,rounded_rectangle,2668,23965,37483,18923,17522,1063,23031,18695,16,4,True
fit,S08_3d_loop_rich_C06__c1_mixed,S08_3d_loop_rich_C06,c1_mixed,3272,24592,39259,19307,18250,742,23231,20406,14,3,True
fit,S08_3d_loop_rich_C06__ellipse,S08_3d_loop_rich_C06,ellipse,3272,25272,40374,19849,18771,806,23877,20939,16,3,True
fit,S08_3d_loop_rich_C06__rounded_rectangle,S08_3d_loop_rich_C06,rounded_rectangle,3272,24222,37776,18953,17539,1045,22843,19087,14,3,True
fit,S09_flat_complex_C01__c1_mixed,S09_flat_complex_C01,c1_mixed,4704,34276,54571,26902,25423,1301,32472,27789,12,4,True
fit,S09_flat_complex_C01__ellipse,S09_flat_complex_C01,ellipse,4704,35049,56072,27592,26722,651,33312,28496,13,4,True
fit,S09_flat_complex_C01__rounded_rectangle,S09_flat_complex_C01,rounded_rectangle,4704,33812,52310,26469,24124,1904,31976,26304,12,4,True
fit,S09_flat_complex_C02__c1_mixed,S09_flat_complex_C02,c1_mixed,3344,29654,47593,23443,22207,1009,28683,24353,13,3,True
fit,S09_flat_complex_C02__ellipse,S09_flat_complex_C02,ellipse,3344,30271,49182,24047,23168,681,29327,25470,14,3,True
fit,S09_flat_complex_C02__rounded_rectangle,S09_flat_complex_C02,rounded_rectangle,3344,28965,45525,22895,21235,1368,27961,22569,13,3,True
fit,S09_flat_complex_C03__c1_mixed,S09_flat_complex_C03,c1_mixed,3840,34217,54068,27333,25334,1380,32735,26942,15,3,True
fit,S09_flat_complex_C03__ellipse,S09_flat_complex_C03,ellipse,3840,35067,56480,28144,26864,842,33718,28604,16,3,True
fit,S09_flat_complex_C03__rounded_rectangle,S09_flat_complex_C03,rounded_rectangle,3840,33528,52451,26761,24310,1912,32121,26210,15,3,True
fit,S09_flat_complex_C04__c1_mixed,S09_flat_complex_C04,c1_mixed,3520,29891,47868,23630,22550,841,29104,24208,15,3,True
fit,S09_flat_complex_C04__ellipse,S09_flat_complex_C04,ellipse,3520,30530,49046,24193,23307,612,29813,24781,15,3,True
fit,S09_flat_complex_C04__rounded_rectangle,S09_flat_complex_C04,rounded_rectangle,3520,29410,46123,23187,21581,1286,28591,22943,15,3,True
fit,S09_flat_complex_C05__c1_mixed,S09_flat_complex_C05,c1_mixed,4594,36201,56885,28227,26654,1370,34361,28122,12,3,True
fit,S09_flat_complex_C05__ellipse,S09_flat_complex_C05,ellipse,4594,36994,58890,28976,27862,948,35206,29622,12,3,True
fit,S09_flat_complex_C05__rounded_rectangle,S09_flat_complex_C05,rounded_rectangle,4594,34838,54417,27227,25222,1803,33261,27022,12,3,True
fit,S09_flat_complex_C06__c1_mixed,S09_flat_complex_C06,c1_mixed,3376,30043,47897,23860,22543,937,29412,24105,16,3,True
fit,S09_flat_complex_C06__ellipse,S09_flat_complex_C06,ellipse,3376,30951,49749,24707,23629,749,30431,25157,16,3,True
fit,S09_flat_complex_C06__rounded_rectangle,S09_flat_complex_C06,rounded_rectangle,3376,29419,46249,23308,21554,1283,28726,23254,16,3,True
fit,S10_3d_complex_C01__c1_mixed,S10_3d_complex_C01,c1_mixed,2624,27617,44920,22270,21017,793,27252,22819,17,4,True
fit,S10_3d_complex_C01__ellipse,S10_3d_complex_C01,ellipse,2624,28103,45818,22853,21729,593,27790,23178,16,4,True
fit,S10_3d_complex_C01__rounded_rectangle,S10_3d_complex_C01,rounded_rectangle,2624,27061,43643,21838,20360,1006,26759,22100,17,4,True
fit,S10_3d_complex_C02__c1_mixed,S10_3d_complex_C02,c1_mixed,4052,30340,48339,23984,22806,851,28850,24912,11,4,True
fit,S10_3d_complex_C02__ellipse,S10_3d_complex_C02,ellipse,4052,30815,49293,24479,23508,641,29286,25338,11,4,True
fit,S10_3d_complex_C02__rounded_rectangle,S10_3d_complex_C02,rounded_rectangle,4052,30098,47520,23715,22188,1124,28664,24927,11,4,True
fit,S10_3d_complex_C03__c1_mixed,S10_3d_complex_C03,c1_mixed,3706,32299,51531,25596,24139,1065,30975,25876,17,4,True
fit,S10_3d_complex_C03__ellipse,S10_3d_complex_C03,ellipse,3706,32950,52433,26292,24963,771,31599,26013,18,4,True
fit,S10_3d_complex_C03__rounded_rectangle,S10_3d_complex_C03,rounded_rectangle,3706,32129,50238,25275,23293,1486,30743,25230,18,4,True
fit,S10_3d_complex_C04__c1_mixed,S10_3d_complex_C04,c1_mixed,4282,34701,55207,27559,26091,1047,33216,27750,17,4,True
fit,S10_3d_complex_C04__ellipse,S10_3d_complex_C04,ellipse,4282,35110,56205,28077,26928,730,33774,28252,17,4,True
fit,S10_3d_complex_C04__rounded_rectangle,S10_3d_complex_C04,rounded_rectangle,4282,34096,53745,26969,25127,1486,32554,27008,17,4,True
fit,S10_3d_complex_C05__c1_mixed,S10_3d_complex_C05,c1_mixed,3622,30717,49517,24474,23271,858,29929,25228,17,4,True
fit,S10_3d_complex_C05__ellipse,S10_3d_complex_C05,ellipse,3622,31520,50852,25160,24031,777,30557,25993,18,4,True
fit,S10_3d_complex_C05__rounded_rectangle,S10_3d_complex_C05,rounded_rectangle,3622,30071,47903,23869,22407,1107,29246,24492,17,4,True
fit,S10_3d_complex_C06__c1_mixed,S10_3d_complex_C06,c1_mixed,3522,31298,48965,24037,22897,645,30768,25267,14,4,True
fit,S10_3d_complex_C06__ellipse,S10_3d_complex_C06,ellipse,3522,31405,48998,24256,23127,687,30993,24585,14,4,True
fit,S10_3d_complex_C06__rounded_rectangle,S10_3d_complex_C06,rounded_rectangle,3522,30730,46981,23506,21957,1080,30148,23277,14,4,True
c07,S01_flat_tree_small_C07__c1_mixed,S01_flat_tree_small_C07,c1_mixed,1004,8985,15193,7423,7119,238,8539,7601,12,3,True
c07,S01_flat_tree_small_C07__ellipse,S01_flat_tree_small_C07,ellipse,1004,9202,15622,7619,7397,156,8777,7805,12,3,True
c07,S01_flat_tree_small_C07__rounded_rectangle,S01_flat_tree_small_C07,rounded_rectangle,1004,8907,14935,7345,6893,392,8455,7487,12,3,True
c07,S02_3d_tree_small_C07__c1_mixed,S02_3d_tree_small_C07,c1_mixed,922,8490,14493,7194,6931,239,7942,6931,16,3,True
c07,S02_3d_tree_small_C07__ellipse,S02_3d_tree_small_C07,ellipse,922,8667,14937,7356,7142,187,8134,7364,16,3,True
c07,S02_3d_tree_small_C07__rounded_rectangle,S02_3d_tree_small_C07,rounded_rectangle,922,8393,14343,7091,6806,251,7851,7042,16,3,True
c07,S03_flat_unicyclic_small_C07__c1_mixed,S03_flat_unicyclic_small_C07,c1_mixed,906,9624,15928,7763,7340,279,9625,8292,20,3,True
c07,S03_flat_unicyclic_small_C07__ellipse,S03_flat_unicyclic_small_C07,ellipse,906,9941,16533,8091,7746,188,9925,8546,20,3,True
c07,S03_flat_unicyclic_small_C07__rounded_rectangle,S03_flat_unicyclic_small_C07,rounded_rectangle,906,9370,15212,7531,6957,410,9357,7883,20,3,True
c07,S04_3d_unicyclic_small_C07__c1_mixed,S04_3d_unicyclic_small_C07,c1_mixed,1134,10494,17377,8475,8171,191,10237,8867,12,3,True
c07,S04_3d_unicyclic_small_C07__ellipse,S04_3d_unicyclic_small_C07,ellipse,1134,10835,18053,8808,8520,169,10572,9066,12,3,True
c07,S04_3d_unicyclic_small_C07__rounded_rectangle,S04_3d_unicyclic_small_C07,rounded_rectangle,1134,10270,16918,8251,7833,299,10013,8763,12,3,True
c07,S05_flat_branch_medium_C07__c1_mixed,S05_flat_branch_medium_C07,c1_mixed,2068,16661,27231,13658,12646,890,15504,13458,16,3,True
c07,S05_flat_branch_medium_C07__ellipse,S05_flat_branch_medium_C07,ellipse,2068,17052,28173,14007,13315,555,15899,14061,16,3,True
c07,S05_flat_branch_medium_C07__rounded_rectangle,S05_flat_branch_medium_C07,rounded_rectangle,2068,16355,26058,13366,11921,1281,15204,12639,16,3,True
c07,S06_3d_branch_medium_C07__c1_mixed,S06_3d_branch_medium_C07,c1_mixed,1676,15382,25042,12476,11825,523,15227,12335,14,4,True
c07,S06_3d_branch_medium_C07__ellipse,S06_3d_branch_medium_C07,ellipse,1676,15561,25525,12641,12121,423,15424,12682,14,4,True
c07,S06_3d_branch_medium_C07__rounded_rectangle,S06_3d_branch_medium_C07,rounded_rectangle,1676,15223,24615,12336,11494,673,15035,12262,14,4,True
c07,S07_flat_loop_rich_C07__c1_mixed,S07_flat_loop_rich_C07,c1_mixed,2678,24486,38730,19345,18129,853,24334,19797,18,4,True
c07,S07_flat_loop_rich_C07__ellipse,S07_flat_loop_rich_C07,ellipse,2678,25007,39877,19801,18954,498,24957,20480,18,4,True
c07,S07_flat_loop_rich_C07__rounded_rectangle,S07_flat_loop_rich_C07,rounded_rectangle,2678,24047,37161,18913,17206,1300,23898,18771,18,4,True
c07,S08_3d_loop_rich_C07__c1_mixed,S08_3d_loop_rich_C07,c1_mixed,3458,24378,38824,19110,18229,673,22728,20029,11,3,True
c07,S08_3d_loop_rich_C07__ellipse,S08_3d_loop_rich_C07,ellipse,3458,24906,39682,19613,18766,635,23267,20368,11,3,True
c07,S08_3d_loop_rich_C07__rounded_rectangle,S08_3d_loop_rich_C07,rounded_rectangle,3458,24081,37725,18842,17690,914,22402,19094,11,3,True
c07,S09_flat_complex_C07__c1_mixed,S09_flat_complex_C07,c1_mixed,3580,29599,46242,22941,21634,1034,28883,23032,17,4,True
c07,S09_flat_complex_C07__ellipse,S09_flat_complex_C07,ellipse,3580,30140,47609,23463,22658,623,29424,23684,15,4,True
c07,S09_flat_complex_C07__rounded_rectangle,S09_flat_complex_C07,rounded_rectangle,3580,28967,44619,22285,20520,1467,28306,22599,15,4,True
c07,S10_3d_complex_C07__c1_mixed,S10_3d_complex_C07,c1_mixed,4122,33111,53361,26252,25115,844,31690,27431,14,3,True
c07,S10_3d_complex_C07__ellipse,S10_3d_complex_C07,ellipse,4122,33603,54517,26718,25824,633,32242,28232,14,3,True
c07,S10_3d_complex_C07__rounded_rectangle,S10_3d_complex_C07,rounded_rectangle,4122,32677,51821,25848,24313,1191,31226,26335,14,3,True
