event,probability_threshold,consensus_votes,stable_frames,release_frames,c07_precision,c07_recall,c07_f1,c07_predicted_commits
1,0.5,2,1,2,0.9010695187165776,0.8100961538461539,0.8531645569620253,374
1,0.5,2,1,3,0.9010695187165776,0.8100961538461539,0.8531645569620253,374
1,0.5,2,1,5,0.9010695187165776,0.8100961538461539,0.8531645569620253,374
1,0.5,2,1,8,0.900804289544236,0.8076923076923077,0.8517110266159696,373
1,0.5,2,2,2,0.0,0.0,0.0,0
1,0.5,2,2,3,0.0,0.0,0.0,0
1,0.5,2,2,5,0.0,0.0,0.0,0
1,0.5,2,2,8,0.0,0.0,0.0,0
1,0.5,2,3,2,0.0,0.0,0.0,0
1,0.5,2,3,3,0.0,0.0,0.0,0
1,0.5,2,3,5,0.0,0.0,0.0,0
1,0.5,2,3,8,0.0,0.0,0.0,0
1,0.5,3,1,2,0.935374149659864,0.6610576923076923,0.7746478873239437,294
1,0.5,3,1,3,0.935374149659864,0.6610576923076923,0.7746478873239437,294
1,0.5,3,1,5,0.935374149659864,0.6610576923076923,0.7746478873239437,294
1,0.5,3,1,8,0.935374149659864,0.6610576923076923,0.7746478873239437,294
1,0.5,3,2,2,0.0,0.0,0.0,0
1,0.5,3,2,3,0.0,0.0,0.0,0
1,0.5,3,2,5,0.0,0.0,0.0,0
1,0.5,3,2,8,0.0,0.0,0.0,0
1,0.5,3,3,2,0.0,0.0,0.0,0
1,0.5,3,3,3,0.0,0.0,0.0,0
1,0.5,3,3,5,0.0,0.0,0.0,0
1,0.5,3,3,8,0.0,0.0,0.0,0
1,0.6,2,1,2,0.9103260869565217,0.8052884615384616,0.854591836734694,368
1,0.6,2,1,3,0.9103260869565217,0.8052884615384616,0.854591836734694,368
1,0.6,2,1,5,0.9103260869565217,0.8052884615384616,0.854591836734694,368
1,0.6,2,1,8,0.9100817438692098,0.8028846153846154,0.8531289910600257,367
1,0.6,2,2,2,0.0,0.0,0.0,0
1,0.6,2,2,3,0.0,0.0,0.0,0
1,0.6,2,2,5,0.0,0.0,0.0,0
1,0.6,2,2,8,0.0,0.0,0.0,0
1,0.6,2,3,2,0.0,0.0,0.0,0
1,0.6,2,3,3,0.0,0.0,0.0,0
1,0.6,2,3,5,0.0,0.0,0.0,0
1,0.6,2,3,8,0.0,0.0,0.0,0
1,0.6,3,1,2,0.9411764705882353,0.6538461538461539,0.7716312056737589,289
1,0.6,3,1,3,0.9411764705882353,0.6538461538461539,0.7716312056737589,289
1,0.6,3,1,5,0.9411764705882353,0.6538461538461539,0.7716312056737589,289
1,0.6,3,1,8,0.9411764705882353,0.6538461538461539,0.7716312056737589,289
1,0.6,3,2,2,0.0,0.0,0.0,0
1,0.6,3,2,3,0.0,0.0,0.0,0
1,0.6,3,2,5,0.0,0.0,0.0,0
1,0.6,3,2,8,0.0,0.0,0.0,0
1,0.6,3,3,2,0.0,0.0,0.0,0
1,0.6,3,3,3,0.0,0.0,0.0,0
1,0.6,3,3,5,0.0,0.0,0.0,0
1,0.6,3,3,8,0.0,0.0,0.0,0
1,0.7,2,1,2,0.9118457300275482,0.7956730769230769,0.8498074454428755,363
1,0.7,2,1,3,0.9118457300275482,0.7956730769230769,0.8498074454428755,363
1,0.7,2,1,5,0.9118457300275482,0.7956730769230769,0.8498074454428755,363
1,0.7,2,1,8,0.9116022099447514,0.7932692307692307,0.8483290488431877,362
1,0.7,2,2,2,0.0,0.0,0.0,0
1,0.7,2,2,3,0.0,0.0,0.0,0
1,0.7,2,2,5,0.0,0.0,0.0,0
1,0.7,2,2,8,0.0,0.0,0.0,0
1,0.7,2,3,2,0.0,0.0,0.0,0
1,0.7,2,3,3,0.0,0.0,0.0,0
1,0.7,2,3,5,0.0,0.0,0.0,0
1,0.7,2,3,8,0.0,0.0,0.0,0
1,0.7,3,1,2,0.956989247311828,0.6418269230769231,0.7683453237410073,279
1,0.7,3,1,3,0.956989247311828,0.6418269230769231,0.7683453237410073,279
1,0.7,3,1,5,0.956989247311828,0.6418269230769231,0.7683453237410073,279
1,0.7,3,1,8,0.956989247311828,0.6418269230769231,0.7683453237410073,279
1,0.7,3,2,2,0.0,0.0,0.0,0
1,0.7,3,2,3,0.0,0.0,0.0,0
1,0.7,3,2,5,0.0,0.0,0.0,0
1,0.7,3,2,8,0.0,0.0,0.0,0
1,0.7,3,3,2,0.0,0.0,0.0,0
1,0.7,3,3,3,0.0,0.0,0.0,0
1,0.7,3,3,5,0.0,0.0,0.0,0
1,0.7,3,3,8,0.0,0.0,0.0,0
1,0.8,2,1,2,0.9180790960451978,0.78125,0.8441558441558442,354
1,0.8,2,1,3,0.9180790960451978,0.78125,0.8441558441558442,354
1,0.8,2,1,5,0.9180790960451978,0.78125,0.8441558441558442,354
1,0.8,2,1,8,0.9178470254957507,0.7788461538461539,0.8426527958387515,353
1,0.8,2,2,2,0.0,0.0,0.0,0
1,0.8,2,2,3,0.0,0.0,0.0,0
1,0.8,2,2,5,0.0,0.0,0.0,0
1,0.8,2,2,8,0.0,0.0,0.0,0
1,0.8,2,3,2,0.0,0.0,0.0,0
1,0.8,2,3,3,0.0,0.0,0.0,0
1,0.8,2,3,5,0.0,0.0,0.0,0
1,0.8,2,3,8,0.0,0.0,0.0,0
1,0.8,3,1,2,0.9635036496350365,0.6346153846153846,0.7652173913043477,274
1,0.8,3,1,3,0.9635036496350365,0.6346153846153846,0.7652173913043477,274
1,0.8,3,1,5,0.9635036496350365,0.6346153846153846,0.7652173913043477,274
1,0.8,3,1,8,0.9635036496350365,0.6346153846153846,0.7652173913043477,274
1,0.8,3,2,2,0.0,0.0,0.0,0
1,0.8,3,2,3,0.0,0.0,0.0,0
1,0.8,3,2,5,0.0,0.0,0.0,0
1,0.8,3,2,8,0.0,0.0,0.0,0
1,0.8,3,3,2,0.0,0.0,0.0,0
1,0.8,3,3,3,0.0,0.0,0.0,0
1,0.8,3,3,5,0.0,0.0,0.0,0
1,0.8,3,3,8,0.0,0.0,0.0,0
1,0.85,2,1,2,0.9197707736389685,0.7716346153846154,0.8392156862745098,349
1,0.85,2,1,3,0.9197707736389685,0.7716346153846154,0.8392156862745098,349
1,0.85,2,1,5,0.9197707736389685,0.7716346153846154,0.8392156862745098,349
1,0.85,2,1,8,0.9197707736389685,0.7716346153846154,0.8392156862745098,349
1,0.85,2,2,2,0.0,0.0,0.0,0
1,0.85,2,2,3,0.0,0.0,0.0,0
1,0.85,2,2,5,0.0,0.0,0.0,0
1,0.85,2,2,8,0.0,0.0,0.0,0
1,0.85,2,3,2,0.0,0.0,0.0,0
1,0.85,2,3,3,0.0,0.0,0.0,0
1,0.85,2,3,5,0.0,0.0,0.0,0
1,0.85,2,3,8,0.0,0.0,0.0,0
1,0.85,3,1,2,0.9625468164794008,0.6177884615384616,0.752562225475842,267
1,0.85,3,1,3,0.9625468164794008,0.6177884615384616,0.752562225475842,267
1,0.85,3,1,5,0.9625468164794008,0.6177884615384616,0.752562225475842,267
1,0.85,3,1,8,0.9625468164794008,0.6177884615384616,0.752562225475842,267
1,0.85,3,2,2,0.0,0.0,0.0,0
1,0.85,3,2,3,0.0,0.0,0.0,0
1,0.85,3,2,5,0.0,0.0,0.0,0
1,0.85,3,2,8,0.0,0.0,0.0,0
1,0.85,3,3,2,0.0,0.0,0.0,0
1,0.85,3,3,3,0.0,0.0,0.0,0
1,0.85,3,3,5,0.0,0.0,0.0,0
1,0.85,3,3,8,0.0,0.0,0.0,0
1,0.9,2,1,2,0.9345238095238095,0.7548076923076923,0.8351063829787234,336
1,0.9,2,1,3,0.9345238095238095,0.7548076923076923,0.8351063829787234,336
1,0.9,2,1,5,0.9345238095238095,0.7548076923076923,0.8351063829787234,336
1,0.9,2,1,8,0.9345238095238095,0.7548076923076923,0.8351063829787234,336
1,0.9,2,2,2,0.0,0.0,0.0,0
1,0.9,2,2,3,0.0,0.0,0.0,0
1,0.9,2,2,5,0.0,0.0,0.0,0
1,0.9,2,2,8,0.0,0.0,0.0,0
1,0.9,2,3,2,0.0,0.0,0.0,0
1,0.9,2,3,3,0.0,0.0,0.0,0
1,0.9,2,3,5,0.0,0.0,0.0,0
1,0.9,2,3,8,0.0,0.0,0.0,0
1,0.9,3,1,2,0.9619771863117871,0.6081730769230769,0.7452135493372606,263
1,0.9,3,1,3,0.9619771863117871,0.6081730769230769,0.7452135493372606,263
1,0.9,3,1,5,0.9619771863117871,0.6081730769230769,0.7452135493372606,263
1,0.9,3,1,8,0.9619771863117871,0.6081730769230769,0.7452135493372606,263
1,0.9,3,2,2,0.0,0.0,0.0,0
1,0.9,3,2,3,0.0,0.0,0.0,0
1,0.9,3,2,5,0.0,0.0,0.0,0
1,0.9,3,2,8,0.0,0.0,0.0,0
1,0.9,3,3,2,0.0,0.0,0.0,0
1,0.9,3,3,3,0.0,0.0,0.0,0
1,0.9,3,3,5,0.0,0.0,0.0,0
1,0.9,3,3,8,0.0,0.0,0.0,0
1,0.93,2,1,2,0.9422492401215805,0.7451923076923077,0.8322147651006712,329
1,0.93,2,1,3,0.9422492401215805,0.7451923076923077,0.8322147651006712,329
1,0.93,2,1,5,0.9422492401215805,0.7451923076923077,0.8322147651006712,329
1,0.93,2,1,8,0.9422492401215805,0.7451923076923077,0.8322147651006712,329
1,0.93,2,2,2,0.0,0.0,0.0,0
1,0.93,2,2,3,0.0,0.0,0.0,0
1,0.93,2,2,5,0.0,0.0,0.0,0
1,0.93,2,2,8,0.0,0.0,0.0,0
1,0.93,2,3,2,0.0,0.0,0.0,0
1,0.93,2,3,3,0.0,0.0,0.0,0
1,0.93,2,3,5,0.0,0.0,0.0,0
1,0.93,2,3,8,0.0,0.0,0.0,0
1,0.93,3,1,2,0.9683794466403162,0.5889423076923077,0.7324364723467862,253
1,0.93,3,1,3,0.9683794466403162,0.5889423076923077,0.7324364723467862,253
1,0.93,3,1,5,0.9683794466403162,0.5889423076923077,0.7324364723467862,253
1,0.93,3,1,8,0.9683794466403162,0.5889423076923077,0.7324364723467862,253
1,0.93,3,2,2,0.0,0.0,0.0,0
1,0.93,3,2,3,0.0,0.0,0.0,0
1,0.93,3,2,5,0.0,0.0,0.0,0
1,0.93,3,2,8,0.0,0.0,0.0,0
1,0.93,3,3,2,0.0,0.0,0.0,0
1,0.93,3,3,3,0.0,0.0,0.0,0
1,0.93,3,3,5,0.0,0.0,0.0,0
1,0.93,3,3,8,0.0,0.0,0.0,0
1,0.95,2,1,2,0.9501557632398754,0.7331730769230769,0.8276797829036635,321
1,0.95,2,1,3,0.9501557632398754,0.7331730769230769,0.8276797829036635,321
1,0.95,2,1,5,0.9501557632398754,0.7331730769230769,0.8276797829036635,321
1,0.95,2,1,8,0.9501557632398754,0.7331730769230769,0.8276797829036635,321
1,0.95,2,2,2,0.0,0.0,0.0,0
1,0.95,2,2,3,0.0,0.0,0.0,0
1,0.95,2,2,5,0.0,0.0,0.0,0
1,0.95,2,2,8,0.0,0.0,0.0,0
1,0.95,2,3,2,0.0,0.0,0.0,0
1,0.95,2,3,3,0.0,0.0,0.0,0
1,0.95,2,3,5,0.0,0.0,0.0,0
1,0.95,2,3,8,0.0,0.0,0.0,0
1,0.95,3,1,2,0.9683794466403162,0.5889423076923077,0.7324364723467862,253
1,0.95,3,1,3,0.9683794466403162,0.5889423076923077,0.7324364723467862,253
1,0.95,3,1,5,0.9683794466403162,0.5889423076923077,0.7324364723467862,253
1,0.95,3,1,8,0.9683794466403162,0.5889423076923077,0.7324364723467862,253
1,0.95,3,2,2,0.0,0.0,0.0,0
1,0.95,3,2,3,0.0,0.0,0.0,0
1,0.95,3,2,5,0.0,0.0,0.0,0
1,0.95,3,2,8,0.0,0.0,0.0,0
1,0.95,3,3,2,0.0,0.0,0.0,0
1,0.95,3,3,3,0.0,0.0,0.0,0
1,0.95,3,3,5,0.0,0.0,0.0,0
1,0.95,3,3,8,0.0,0.0,0.0,0
1,0.97,2,1,2,0.9575163398692811,0.7043269230769231,0.811634349030471,306
1,0.97,2,1,3,0.9575163398692811,0.7043269230769231,0.811634349030471,306
1,0.97,2,1,5,0.9575163398692811,0.7043269230769231,0.811634349030471,306
1,0.97,2,1,8,0.9575163398692811,0.7043269230769231,0.811634349030471,306
1,0.97,2,2,2,0.0,0.0,0.0,0
1,0.97,2,2,3,0.0,0.0,0.0,0
1,0.97,2,2,5,0.0,0.0,0.0,0
1,0.97,2,2,8,0.0,0.0,0.0,0
1,0.97,2,3,2,0.0,0.0,0.0,0
1,0.97,2,3,3,0.0,0.0,0.0,0
1,0.97,2,3,5,0.0,0.0,0.0,0
1,0.97,2,3,8,0.0,0.0,0.0,0
1,0.97,3,1,2,0.967479674796748,0.5721153846153846,0.7190332326283988,246
1,0.97,3,1,3,0.967479674796748,0.5721153846153846,0.7190332326283988,246
1,0.97,3,1,5,0.967479674796748,0.5721153846153846,0.7190332326283988,246
1,0.97,3,1,8,0.967479674796748,0.5721153846153846,0.7190332326283988,246
1,0.97,3,2,2,0.0,0.0,0.0,0
1,0.97,3,2,3,0.0,0.0,0.0,0
1,0.97,3,2,5,0.0,0.0,0.0,0
1,0.97,3,2,8,0.0,0.0,0.0,0
1,0.97,3,3,2,0.0,0.0,0.0,0
1,0.97,3,3,3,0.0,0.0,0.0,0
1,0.97,3,3,5,0.0,0.0,0.0,0
1,0.97,3,3,8,0.0,0.0,0.0,0
1,0.98,2,1,2,0.9595959595959596,0.6850961538461539,0.7994389901823282,297
1,0.98,2,1,3,0.9595959595959596,0.6850961538461539,0.7994389901823282,297
1,0.98,2,1,5,0.9595959595959596,0.6850961538461539,0.7994389901823282,297
1,0.98,2,1,8,0.9595959595959596,0.6850961538461539,0.7994389901823282,297
1,0.98,2,2,2,0.0,0.0,0.0,0
1,0.98,2,2,3,0.0,0.0,0.0,0
1,0.98,2,2,5,0.0,0.0,0.0,0
1,0.98,2,2,8,0.0,0.0,0.0,0
1,0.98,2,3,2,0.0,0.0,0.0,0
1,0.98,2,3,3,0.0,0.0,0.0,0
1,0.98,2,3,5,0.0,0.0,0.0,0
1,0.98,2,3,8,0.0,0.0,0.0,0
1,0.98,3,1,2,0.9705882352941176,0.5552884615384616,0.7064220183486238,238
1,0.98,3,1,3,0.9705882352941176,0.5552884615384616,0.7064220183486238,238
1,0.98,3,1,5,0.9705882352941176,0.5552884615384616,0.7064220183486238,238
1,0.98,3,1,8,0.9705882352941176,0.5552884615384616,0.7064220183486238,238
1,0.98,3,2,2,0.0,0.0,0.0,0
1,0.98,3,2,3,0.0,0.0,0.0,0
1,0.98,3,2,5,0.0,0.0,0.0,0
1,0.98,3,2,8,0.0,0.0,0.0,0
1,0.98,3,3,2,0.0,0.0,0.0,0
1,0.98,3,3,3,0.0,0.0,0.0,0
1,0.98,3,3,5,0.0,0.0,0.0,0
1,0.98,3,3,8,0.0,0.0,0.0,0
1,0.99,2,1,2,0.9626865671641791,0.6201923076923077,0.7543859649122807,268
1,0.99,2,1,3,0.9626865671641791,0.6201923076923077,0.7543859649122807,268
1,0.99,2,1,5,0.9626865671641791,0.6201923076923077,0.7543859649122807,268
1,0.99,2,1,8,0.9626865671641791,0.6201923076923077,0.7543859649122807,268
1,0.99,2,2,2,0.0,0.0,0.0,0
1,0.99,2,2,3,0.0,0.0,0.0,0
1,0.99,2,2,5,0.0,0.0,0.0,0
1,0.99,2,2,8,0.0,0.0,0.0,0
1,0.99,2,3,2,0.0,0.0,0.0,0
1,0.99,2,3,3,0.0,0.0,0.0,0
1,0.99,2,3,5,0.0,0.0,0.0,0
1,0.99,2,3,8,0.0,0.0,0.0,0
1,0.99,3,1,2,0.9792746113989638,0.4543269230769231,0.6206896551724138,193
1,0.99,3,1,3,0.9792746113989638,0.4543269230769231,0.6206896551724138,193
1,0.99,3,1,5,0.9792746113989638,0.4543269230769231,0.6206896551724138,193
1,0.99,3,1,8,0.9792746113989638,0.4543269230769231,0.6206896551724138,193
1,0.99,3,2,2,0.0,0.0,0.0,0
1,0.99,3,2,3,0.0,0.0,0.0,0
1,0.99,3,2,5,0.0,0.0,0.0,0
1,0.99,3,2,8,0.0,0.0,0.0,0
1,0.99,3,3,2,0.0,0.0,0.0,0
1,0.99,3,3,3,0.0,0.0,0.0,0
1,0.99,3,3,5,0.0,0.0,0.0,0
1,0.99,3,3,8,0.0,0.0,0.0,0
1,0.995,2,1,2,0.9893617021276596,0.44711538461538464,0.6158940397350994,188
1,0.995,2,1,3,0.9893617021276596,0.44711538461538464,0.6158940397350994,188
1,0.995,2,1,5,0.9893617021276596,0.44711538461538464,0.6158940397350994,188
1,0.995,2,1,8,0.9893617021276596,0.44711538461538464,0.6158940397350994,188
1,0.995,2,2,2,0.0,0.0,0.0,0
1,0.995,2,2,3,0.0,0.0,0.0,0
1,0.995,2,2,5,0.0,0.0,0.0,0
1,0.995,2,2,8,0.0,0.0,0.0,0
1,0.995,2,3,2,0.0,0.0,0.0,0
1,0.995,2,3,3,0.0,0.0,0.0,0
1,0.995,2,3,5,0.0,0.0,0.0,0
1,0.995,2,3,8,0.0,0.0,0.0,0
1,0.995,3,1,2,1.0,0.2644230769230769,0.41825095057034223,110
1,0.995,3,1,3,1.0,0.2644230769230769,0.41825095057034223,110
1,0.995,3,1,5,1.0,0.2644230769230769,0.41825095057034223,110
1,0.995,3,1,8,1.0,0.2644230769230769,0.41825095057034223,110
1,0.995,3,2,2,0.0,0.0,0.0,0
1,0.995,3,2,3,0.0,0.0,0.0,0
1,0.995,3,2,5,0.0,0.0,0.0,0
1,0.995,3,2,8,0.0,0.0,0.0,0
1,0.995,3,3,2,0.0,0.0,0.0,0
1,0.995,3,3,3,0.0,0.0,0.0,0
1,0.995,3,3,5,0.0,0.0,0.0,0
1,0.995,3,3,8,0.0,0.0,0.0,0
1,0.997,2,1,2,0.9850746268656716,0.15865384615384615,0.2732919254658385,67
1,0.997,2,1,3,0.9850746268656716,0.15865384615384615,0.2732919254658385,67
1,0.997,2,1,5,0.9850746268656716,0.15865384615384615,0.2732919254658385,67
1,0.997,2,1,8,0.9850746268656716,0.15865384615384615,0.2732919254658385,67
1,0.997,2,2,2,0.0,0.0,0.0,0
1,0.997,2,2,3,0.0,0.0,0.0,0
1,0.997,2,2,5,0.0,0.0,0.0,0
1,0.997,2,2,8,0.0,0.0,0.0,0
1,0.997,2,3,2,0.0,0.0,0.0,0
1,0.997,2,3,3,0.0,0.0,0.0,0
1,0.997,2,3,5,0.0,0.0,0.0,0
1,0.997,2,3,8,0.0,0.0,0.0,0
1,0.997,3,1,2,0.0,0.0,0.0,0
1,0.997,3,1,3,0.0,0.0,0.0,0
1,0.997,3,1,5,0.0,0.0,0.0,0
1,0.997,3,1,8,0.0,0.0,0.0,0
1,0.997,3,2,2,0.0,0.0,0.0,0
1,0.997,3,2,3,0.0,0.0,0.0,0
1,0.997,3,2,5,0.0,0.0,0.0,0
1,0.997,3,2,8,0.0,0.0,0.0,0
1,0.997,3,3,2,0.0,0.0,0.0,0
1,0.997,3,3,3,0.0,0.0,0.0,0
1,0.997,3,3,5,0.0,0.0,0.0,0
1,0.997,3,3,8,0.0,0.0,0.0,0
1,0.999,2,1,2,0.0,0.0,0.0,0
1,0.999,2,1,3,0.0,0.0,0.0,0
1,0.999,2,1,5,0.0,0.0,0.0,0
1,0.999,2,1,8,0.0,0.0,0.0,0
1,0.999,2,2,2,0.0,0.0,0.0,0
1,0.999,2,2,3,0.0,0.0,0.0,0
1,0.999,2,2,5,0.0,0.0,0.0,0
1,0.999,2,2,8,0.0,0.0,0.0,0
1,0.999,2,3,2,0.0,0.0,0.0,0
1,0.999,2,3,3,0.0,0.0,0.0,0
1,0.999,2,3,5,0.0,0.0,0.0,0
1,0.999,2,3,8,0.0,0.0,0.0,0
1,0.999,3,1,2,0.0,0.0,0.0,0
1,0.999,3,1,3,0.0,0.0,0.0,0
1,0.999,3,1,5,0.0,0.0,0.0,0
1,0.999,3,1,8,0.0,0.0,0.0,0
1,0.999,3,2,2,0.0,0.0,0.0,0
1,0.999,3,2,3,0.0,0.0,0.0,0
1,0.999,3,2,5,0.0,0.0,0.0,0
1,0.999,3,2,8,0.0,0.0,0.0,0
1,0.999,3,3,2,0.0,0.0,0.0,0
1,0.999,3,3,3,0.0,0.0,0.0,0
1,0.999,3,3,5,0.0,0.0,0.0,0
1,0.999,3,3,8,0.0,0.0,0.0,0
2,0.5,2,1,2,0.9,0.8461538461538461,0.8722466960352422,110
2,0.5,2,1,3,0.9,0.8461538461538461,0.8722466960352422,110
2,0.5,2,1,5,0.9,0.8461538461538461,0.8722466960352422,110
2,0.5,2,1,8,0.9,0.8461538461538461,0.8722466960352422,110
2,0.5,2,2,2,1.0,0.03418803418803419,0.06611570247933884,4
2,0.5,2,2,3,1.0,0.03418803418803419,0.06611570247933884,4
2,0.5,2,2,5,1.0,0.03418803418803419,0.06611570247933884,4
2,0.5,2,2,8,1.0,0.03418803418803419,0.06611570247933884,4
2,0.5,2,3,2,0.0,0.0,0.0,0
2,0.5,2,3,3,0.0,0.0,0.0,0
2,0.5,2,3,5,0.0,0.0,0.0,0
2,0.5,2,3,8,0.0,0.0,0.0,0
2,0.5,3,1,2,0.9302325581395349,0.6837606837606838,0.7881773399014778,86
2,0.5,3,1,3,0.9302325581395349,0.6837606837606838,0.7881773399014778,86
2,0.5,3,1,5,0.9302325581395349,0.6837606837606838,0.7881773399014778,86
2,0.5,3,1,8,0.9302325581395349,0.6837606837606838,0.7881773399014778,86
2,0.5,3,2,2,0.0,0.0,0.0,0
2,0.5,3,2,3,0.0,0.0,0.0,0
2,0.5,3,2,5,0.0,0.0,0.0,0
2,0.5,3,2,8,0.0,0.0,0.0,0
2,0.5,3,3,2,0.0,0.0,0.0,0
2,0.5,3,3,3,0.0,0.0,0.0,0
2,0.5,3,3,5,0.0,0.0,0.0,0
2,0.5,3,3,8,0.0,0.0,0.0,0
2,0.6,2,1,2,0.9166666666666666,0.8461538461538461,0.8799999999999999,108
2,0.6,2,1,3,0.9166666666666666,0.8461538461538461,0.8799999999999999,108
2,0.6,2,1,5,0.9166666666666666,0.8461538461538461,0.8799999999999999,108
2,0.6,2,1,8,0.9166666666666666,0.8461538461538461,0.8799999999999999,108
2,0.6,2,2,2,1.0,0.02564102564102564,0.05,3
2,0.6,2,2,3,1.0,0.02564102564102564,0.05,3
2,0.6,2,2,5,1.0,0.02564102564102564,0.05,3
2,0.6,2,2,8,1.0,0.02564102564102564,0.05,3
2,0.6,2,3,2,0.0,0.0,0.0,0
2,0.6,2,3,3,0.0,0.0,0.0,0
2,0.6,2,3,5,0.0,0.0,0.0,0
2,0.6,2,3,8,0.0,0.0,0.0,0
2,0.6,3,1,2,0.9294117647058824,0.6752136752136753,0.7821782178217823,85
2,0.6,3,1,3,0.9294117647058824,0.6752136752136753,0.7821782178217823,85
2,0.6,3,1,5,0.9294117647058824,0.6752136752136753,0.7821782178217823,85
2,0.6,3,1,8,0.9294117647058824,0.6752136752136753,0.7821782178217823,85
2,0.6,3,2,2,0.0,0.0,0.0,0
2,0.6,3,2,3,0.0,0.0,0.0,0
2,0.6,3,2,5,0.0,0.0,0.0,0
2,0.6,3,2,8,0.0,0.0,0.0,0
2,0.6,3,3,2,0.0,0.0,0.0,0
2,0.6,3,3,3,0.0,0.0,0.0,0
2,0.6,3,3,5,0.0,0.0,0.0,0
2,0.6,3,3,8,0.0,0.0,0.0,0
2,0.7,2,1,2,0.9333333333333333,0.8376068376068376,0.882882882882883,105
2,0.7,2,1,3,0.9333333333333333,0.8376068376068376,0.882882882882883,105
2,0.7,2,1,5,0.9333333333333333,0.8376068376068376,0.882882882882883,105
2,0.7,2,1,8,0.9333333333333333,0.8376068376068376,0.882882882882883,105
2,0.7,2,2,2,1.0,0.008547008547008548,0.016949152542372885,1
2,0.7,2,2,3,1.0,0.008547008547008548,0.016949152542372885,1
2,0.7,2,2,5,1.0,0.008547008547008548,0.016949152542372885,1
2,0.7,2,2,8,1.0,0.008547008547008548,0.016949152542372885,1
2,0.7,2,3,2,0.0,0.0,0.0,0
2,0.7,2,3,3,0.0,0.0,0.0,0
2,0.7,2,3,5,0.0,0.0,0.0,0
2,0.7,2,3,8,0.0,0.0,0.0,0
2,0.7,3,1,2,0.927710843373494,0.6581196581196581,0.77,83
2,0.7,3,1,3,0.927710843373494,0.6581196581196581,0.77,83
2,0.7,3,1,5,0.927710843373494,0.6581196581196581,0.77,83
2,0.7,3,1,8,0.927710843373494,0.6581196581196581,0.77,83
2,0.7,3,2,2,0.0,0.0,0.0,0
2,0.7,3,2,3,0.0,0.0,0.0,0
2,0.7,3,2,5,0.0,0.0,0.0,0
2,0.7,3,2,8,0.0,0.0,0.0,0
2,0.7,3,3,2,0.0,0.0,0.0,0
2,0.7,3,3,3,0.0,0.0,0.0,0
2,0.7,3,3,5,0.0,0.0,0.0,0
2,0.7,3,3,8,0.0,0.0,0.0,0
2,0.8,2,1,2,0.9320388349514563,0.8205128205128205,0.8727272727272728,103
2,0.8,2,1,3,0.9320388349514563,0.8205128205128205,0.8727272727272728,103
2,0.8,2,1,5,0.9320388349514563,0.8205128205128205,0.8727272727272728,103
2,0.8,2,1,8,0.9320388349514563,0.8205128205128205,0.8727272727272728,103
2,0.8,2,2,2,1.0,0.008547008547008548,0.016949152542372885,1
2,0.8,2,2,3,1.0,0.008547008547008548,0.016949152542372885,1
2,0.8,2,2,5,1.0,0.008547008547008548,0.016949152542372885,1
2,0.8,2,2,8,1.0,0.008547008547008548,0.016949152542372885,1
2,0.8,2,3,2,0.0,0.0,0.0,0
2,0.8,2,3,3,0.0,0.0,0.0,0
2,0.8,2,3,5,0.0,0.0,0.0,0
2,0.8,2,3,8,0.0,0.0,0.0,0
2,0.8,3,1,2,0.926829268292683,0.6495726495726496,0.763819095477387,82
2,0.8,3,1,3,0.926829268292683,0.6495726495726496,0.763819095477387,82
2,0.8,3,1,5,0.926829268292683,0.6495726495726496,0.763819095477387,82
2,0.8,3,1,8,0.926829268292683,0.6495726495726496,0.763819095477387,82
2,0.8,3,2,2,0.0,0.0,0.0,0
2,0.8,3,2,3,0.0,0.0,0.0,0
2,0.8,3,2,5,0.0,0.0,0.0,0
2,0.8,3,2,8,0.0,0.0,0.0,0
2,0.8,3,3,2,0.0,0.0,0.0,0
2,0.8,3,3,3,0.0,0.0,0.0,0
2,0.8,3,3,5,0.0,0.0,0.0,0
2,0.8,3,3,8,0.0,0.0,0.0,0
2,0.85,2,1,2,0.9405940594059405,0.811965811965812,0.8715596330275229,101
2,0.85,2,1,3,0.9405940594059405,0.811965811965812,0.8715596330275229,101
2,0.85,2,1,5,0.9405940594059405,0.811965811965812,0.8715596330275229,101
2,0.85,2,1,8,0.9405940594059405,0.811965811965812,0.8715596330275229,101
2,0.85,2,2,2,0.0,0.0,0.0,0
2,0.85,2,2,3,0.0,0.0,0.0,0
2,0.85,2,2,5,0.0,0.0,0.0,0
2,0.85,2,2,8,0.0,0.0,0.0,0
2,0.85,2,3,2,0.0,0.0,0.0,0
2,0.85,2,3,3,0.0,0.0,0.0,0
2,0.85,2,3,5,0.0,0.0,0.0,0
2,0.85,2,3,8,0.0,0.0,0.0,0
2,0.85,3,1,2,0.9382716049382716,0.6495726495726496,0.7676767676767675,81
2,0.85,3,1,3,0.9382716049382716,0.6495726495726496,0.7676767676767675,81
2,0.85,3,1,5,0.9382716049382716,0.6495726495726496,0.7676767676767675,81
2,0.85,3,1,8,0.9382716049382716,0.6495726495726496,0.7676767676767675,81
2,0.85,3,2,2,0.0,0.0,0.0,0
2,0.85,3,2,3,0.0,0.0,0.0,0
2,0.85,3,2,5,0.0,0.0,0.0,0
2,0.85,3,2,8,0.0,0.0,0.0,0
2,0.85,3,3,2,0.0,0.0,0.0,0
2,0.85,3,3,3,0.0,0.0,0.0,0
2,0.85,3,3,5,0.0,0.0,0.0,0
2,0.85,3,3,8,0.0,0.0,0.0,0
2,0.9,2,1,2,0.9387755102040817,0.7863247863247863,0.8558139534883721,98
2,0.9,2,1,3,0.9387755102040817,0.7863247863247863,0.8558139534883721,98
2,0.9,2,1,5,0.9387755102040817,0.7863247863247863,0.8558139534883721,98
2,0.9,2,1,8,0.9387755102040817,0.7863247863247863,0.8558139534883721,98
2,0.9,2,2,2,0.0,0.0,0.0,0
2,0.9,2,2,3,0.0,0.0,0.0,0
2,0.9,2,2,5,0.0,0.0,0.0,0
2,0.9,2,2,8,0.0,0.0,0.0,0
2,0.9,2,3,2,0.0,0.0,0.0,0
2,0.9,2,3,3,0.0,0.0,0.0,0
2,0.9,2,3,5,0.0,0.0,0.0,0
2,0.9,2,3,8,0.0,0.0,0.0,0
2,0.9,3,1,2,0.9382716049382716,0.6495726495726496,0.7676767676767675,81
2,0.9,3,1,3,0.9382716049382716,0.6495726495726496,0.7676767676767675,81
2,0.9,3,1,5,0.9382716049382716,0.6495726495726496,0.7676767676767675,81
2,0.9,3,1,8,0.9382716049382716,0.6495726495726496,0.7676767676767675,81
2,0.9,3,2,2,0.0,0.0,0.0,0
2,0.9,3,2,3,0.0,0.0,0.0,0
2,0.9,3,2,5,0.0,0.0,0.0,0
2,0.9,3,2,8,0.0,0.0,0.0,0
2,0.9,3,3,2,0.0,0.0,0.0,0
2,0.9,3,3,3,0.0,0.0,0.0,0
2,0.9,3,3,5,0.0,0.0,0.0,0
2,0.9,3,3,8,0.0,0.0,0.0,0
2,0.93,2,1,2,0.9375,0.7692307692307693,0.8450704225352113,96
2,0.93,2,1,3,0.9375,0.7692307692307693,0.8450704225352113,96
2,0.93,2,1,5,0.9375,0.7692307692307693,0.8450704225352113,96
2,0.93,2,1,8,0.9375,0.7692307692307693,0.8450704225352113,96
2,0.93,2,2,2,0.0,0.0,0.0,0
2,0.93,2,2,3,0.0,0.0,0.0,0
2,0.93,2,2,5,0.0,0.0,0.0,0
2,0.93,2,2,8,0.0,0.0,0.0,0
2,0.93,2,3,2,0.0,0.0,0.0,0
2,0.93,2,3,3,0.0,0.0,0.0,0
2,0.93,2,3,5,0.0,0.0,0.0,0
2,0.93,2,3,8,0.0,0.0,0.0,0
2,0.93,3,1,2,0.95,0.6495726495726496,0.7715736040609137,80
2,0.93,3,1,3,0.95,0.6495726495726496,0.7715736040609137,80
2,0.93,3,1,5,0.95,0.6495726495726496,0.7715736040609137,80
2,0.93,3,1,8,0.95,0.6495726495726496,0.7715736040609137,80
2,0.93,3,2,2,0.0,0.0,0.0,0
2,0.93,3,2,3,0.0,0.0,0.0,0
2,0.93,3,2,5,0.0,0.0,0.0,0
2,0.93,3,2,8,0.0,0.0,0.0,0
2,0.93,3,3,2,0.0,0.0,0.0,0
2,0.93,3,3,3,0.0,0.0,0.0,0
2,0.93,3,3,5,0.0,0.0,0.0,0
2,0.93,3,3,8,0.0,0.0,0.0,0
2,0.95,2,1,2,0.9347826086956522,0.7350427350427351,0.8229665071770336,92
2,0.95,2,1,3,0.9347826086956522,0.7350427350427351,0.8229665071770336,92
2,0.95,2,1,5,0.9347826086956522,0.7350427350427351,0.8229665071770336,92
2,0.95,2,1,8,0.9347826086956522,0.7350427350427351,0.8229665071770336,92
2,0.95,2,2,2,0.0,0.0,0.0,0
2,0.95,2,2,3,0.0,0.0,0.0,0
2,0.95,2,2,5,0.0,0.0,0.0,0
2,0.95,2,2,8,0.0,0.0,0.0,0
2,0.95,2,3,2,0.0,0.0,0.0,0
2,0.95,2,3,3,0.0,0.0,0.0,0
2,0.95,2,3,5,0.0,0.0,0.0,0
2,0.95,2,3,8,0.0,0.0,0.0,0
2,0.95,3,1,2,0.95,0.6495726495726496,0.7715736040609137,80
2,0.95,3,1,3,0.95,0.6495726495726496,0.7715736040609137,80
2,0.95,3,1,5,0.95,0.6495726495726496,0.7715736040609137,80
2,0.95,3,1,8,0.95,0.6495726495726496,0.7715736040609137,80
2,0.95,3,2,2,0.0,0.0,0.0,0
2,0.95,3,2,3,0.0,0.0,0.0,0
2,0.95,3,2,5,0.0,0.0,0.0,0
2,0.95,3,2,8,0.0,0.0,0.0,0
2,0.95,3,3,2,0.0,0.0,0.0,0
2,0.95,3,3,3,0.0,0.0,0.0,0
2,0.95,3,3,5,0.0,0.0,0.0,0
2,0.95,3,3,8,0.0,0.0,0.0,0
2,0.97,2,1,2,0.9310344827586207,0.6923076923076923,0.7941176470588235,87
2,0.97,2,1,3,0.9310344827586207,0.6923076923076923,0.7941176470588235,87
2,0.97,2,1,5,0.9310344827586207,0.6923076923076923,0.7941176470588235,87
2,0.97,2,1,8,0.9310344827586207,0.6923076923076923,0.7941176470588235,87
2,0.97,2,2,2,0.0,0.0,0.0,0
2,0.97,2,2,3,0.0,0.0,0.0,0
2,0.97,2,2,5,0.0,0.0,0.0,0
2,0.97,2,2,8,0.0,0.0,0.0,0
2,0.97,2,3,2,0.0,0.0,0.0,0
2,0.97,2,3,3,0.0,0.0,0.0,0
2,0.97,2,3,5,0.0,0.0,0.0,0
2,0.97,2,3,8,0.0,0.0,0.0,0
2,0.97,3,1,2,0.9473684210526315,0.6153846153846154,0.7461139896373057,76
2,0.97,3,1,3,0.9473684210526315,0.6153846153846154,0.7461139896373057,76
2,0.97,3,1,5,0.9473684210526315,0.6153846153846154,0.7461139896373057,76
2,0.97,3,1,8,0.9473684210526315,0.6153846153846154,0.7461139896373057,76
2,0.97,3,2,2,0.0,0.0,0.0,0
2,0.97,3,2,3,0.0,0.0,0.0,0
2,0.97,3,2,5,0.0,0.0,0.0,0
2,0.97,3,2,8,0.0,0.0,0.0,0
2,0.97,3,3,2,0.0,0.0,0.0,0
2,0.97,3,3,3,0.0,0.0,0.0,0
2,0.97,3,3,5,0.0,0.0,0.0,0
2,0.97,3,3,8,0.0,0.0,0.0,0
2,0.98,2,1,2,0.9404761904761905,0.6752136752136753,0.7860696517412936,84
2,0.98,2,1,3,0.9404761904761905,0.6752136752136753,0.7860696517412936,84
2,0.98,2,1,5,0.9404761904761905,0.6752136752136753,0.7860696517412936,84
2,0.98,2,1,8,0.9404761904761905,0.6752136752136753,0.7860696517412936,84
2,0.98,2,2,2,0.0,0.0,0.0,0
2,0.98,2,2,3,0.0,0.0,0.0,0
2,0.98,2,2,5,0.0,0.0,0.0,0
2,0.98,2,2,8,0.0,0.0,0.0,0
2,0.98,2,3,2,0.0,0.0,0.0,0
2,0.98,2,3,3,0.0,0.0,0.0,0
2,0.98,2,3,5,0.0,0.0,0.0,0
2,0.98,2,3,8,0.0,0.0,0.0,0
2,0.98,3,1,2,0.9466666666666667,0.6068376068376068,0.7395833333333334,75
2,0.98,3,1,3,0.9466666666666667,0.6068376068376068,0.7395833333333334,75
2,0.98,3,1,5,0.9466666666666667,0.6068376068376068,0.7395833333333334,75
2,0.98,3,1,8,0.9466666666666667,0.6068376068376068,0.7395833333333334,75
2,0.98,3,2,2,0.0,0.0,0.0,0
2,0.98,3,2,3,0.0,0.0,0.0,0
2,0.98,3,2,5,0.0,0.0,0.0,0
2,0.98,3,2,8,0.0,0.0,0.0,0
2,0.98,3,3,2,0.0,0.0,0.0,0
2,0.98,3,3,3,0.0,0.0,0.0,0
2,0.98,3,3,5,0.0,0.0,0.0,0
2,0.98,3,3,8,0.0,0.0,0.0,0
2,0.99,2,1,2,0.935064935064935,0.6153846153846154,0.7422680412371135,77
2,0.99,2,1,3,0.935064935064935,0.6153846153846154,0.7422680412371135,77
2,0.99,2,1,5,0.935064935064935,0.6153846153846154,0.7422680412371135,77
2,0.99,2,1,8,0.935064935064935,0.6153846153846154,0.7422680412371135,77
2,0.99,2,2,2,0.0,0.0,0.0,0
2,0.99,2,2,3,0.0,0.0,0.0,0
2,0.99,2,2,5,0.0,0.0,0.0,0
2,0.99,2,2,8,0.0,0.0,0.0,0
2,0.99,2,3,2,0.0,0.0,0.0,0
2,0.99,2,3,3,0.0,0.0,0.0,0
2,0.99,2,3,5,0.0,0.0,0.0,0
2,0.99,2,3,8,0.0,0.0,0.0,0
2,0.99,3,1,2,0.9452054794520548,0.5897435897435898,0.7263157894736842,73
2,0.99,3,1,3,0.9452054794520548,0.5897435897435898,0.7263157894736842,73
2,0.99,3,1,5,0.9452054794520548,0.5897435897435898,0.7263157894736842,73
2,0.99,3,1,8,0.9452054794520548,0.5897435897435898,0.7263157894736842,73
2,0.99,3,2,2,0.0,0.0,0.0,0
2,0.99,3,2,3,0.0,0.0,0.0,0
2,0.99,3,2,5,0.0,0.0,0.0,0
2,0.99,3,2,8,0.0,0.0,0.0,0
2,0.99,3,3,2,0.0,0.0,0.0,0
2,0.99,3,3,3,0.0,0.0,0.0,0
2,0.99,3,3,5,0.0,0.0,0.0,0
2,0.99,3,3,8,0.0,0.0,0.0,0
2,0.995,2,1,2,0.9466666666666667,0.6068376068376068,0.7395833333333334,75
2,0.995,2,1,3,0.9466666666666667,0.6068376068376068,0.7395833333333334,75
2,0.995,2,1,5,0.9466666666666667,0.6068376068376068,0.7395833333333334,75
2,0.995,2,1,8,0.9466666666666667,0.6068376068376068,0.7395833333333334,75
2,0.995,2,2,2,0.0,0.0,0.0,0
2,0.995,2,2,3,0.0,0.0,0.0,0
2,0.995,2,2,5,0.0,0.0,0.0,0
2,0.995,2,2,8,0.0,0.0,0.0,0
2,0.995,2,3,2,0.0,0.0,0.0,0
2,0.995,2,3,3,0.0,0.0,0.0,0
2,0.995,2,3,5,0.0,0.0,0.0,0
2,0.995,2,3,8,0.0,0.0,0.0,0
2,0.995,3,1,2,1.0,0.5726495726495726,0.7282608695652174,67
2,0.995,3,1,3,1.0,0.5726495726495726,0.7282608695652174,67
2,0.995,3,1,5,1.0,0.5726495726495726,0.7282608695652174,67
2,0.995,3,1,8,1.0,0.5726495726495726,0.7282608695652174,67
2,0.995,3,2,2,0.0,0.0,0.0,0
2,0.995,3,2,3,0.0,0.0,0.0,0
2,0.995,3,2,5,0.0,0.0,0.0,0
2,0.995,3,2,8,0.0,0.0,0.0,0
2,0.995,3,3,2,0.0,0.0,0.0,0
2,0.995,3,3,3,0.0,0.0,0.0,0
2,0.995,3,3,5,0.0,0.0,0.0,0
2,0.995,3,3,8,0.0,0.0,0.0,0
2,0.997,2,1,2,0.971830985915493,0.5897435897435898,0.7340425531914894,71
2,0.997,2,1,3,0.971830985915493,0.5897435897435898,0.7340425531914894,71
2,0.997,2,1,5,0.971830985915493,0.5897435897435898,0.7340425531914894,71
2,0.997,2,1,8,0.971830985915493,0.5897435897435898,0.7340425531914894,71
2,0.997,2,2,2,0.0,0.0,0.0,0
2,0.997,2,2,3,0.0,0.0,0.0,0
2,0.997,2,2,5,0.0,0.0,0.0,0
2,0.997,2,2,8,0.0,0.0,0.0,0
2,0.997,2,3,2,0.0,0.0,0.0,0
2,0.997,2,3,3,0.0,0.0,0.0,0
2,0.997,2,3,5,0.0,0.0,0.0,0
2,0.997,2,3,8,0.0,0.0,0.0,0
2,0.997,3,1,2,1.0,0.5384615384615384,0.7000000000000001,63
2,0.997,3,1,3,1.0,0.5384615384615384,0.7000000000000001,63
2,0.997,3,1,5,1.0,0.5384615384615384,0.7000000000000001,63
2,0.997,3,1,8,1.0,0.5384615384615384,0.7000000000000001,63
2,0.997,3,2,2,0.0,0.0,0.0,0
2,0.997,3,2,3,0.0,0.0,0.0,0
2,0.997,3,2,5,0.0,0.0,0.0,0
2,0.997,3,2,8,0.0,0.0,0.0,0
2,0.997,3,3,2,0.0,0.0,0.0,0
2,0.997,3,3,3,0.0,0.0,0.0,0
2,0.997,3,3,5,0.0,0.0,0.0,0
2,0.997,3,3,8,0.0,0.0,0.0,0
2,0.999,2,1,2,1.0,0.5128205128205128,0.6779661016949152,60
2,0.999,2,1,3,1.0,0.5128205128205128,0.6779661016949152,60
2,0.999,2,1,5,1.0,0.5128205128205128,0.6779661016949152,60
2,0.999,2,1,8,1.0,0.5128205128205128,0.6779661016949152,60
2,0.999,2,2,2,0.0,0.0,0.0,0
2,0.999,2,2,3,0.0,0.0,0.0,0
2,0.999,2,2,5,0.0,0.0,0.0,0
2,0.999,2,2,8,0.0,0.0,0.0,0
2,0.999,2,3,2,0.0,0.0,0.0,0
2,0.999,2,3,3,0.0,0.0,0.0,0
2,0.999,2,3,5,0.0,0.0,0.0,0
2,0.999,2,3,8,0.0,0.0,0.0,0
2,0.999,3,1,2,1.0,0.38461538461538464,0.5555555555555556,45
2,0.999,3,1,3,1.0,0.38461538461538464,0.5555555555555556,45
2,0.999,3,1,5,1.0,0.38461538461538464,0.5555555555555556,45
2,0.999,3,1,8,1.0,0.38461538461538464,0.5555555555555556,45
2,0.999,3,2,2,0.0,0.0,0.0,0
2,0.999,3,2,3,0.0,0.0,0.0,0
2,0.999,3,2,5,0.0,0.0,0.0,0
2,0.999,3,2,8,0.0,0.0,0.0,0
2,0.999,3,3,2,0.0,0.0,0.0,0
2,0.999,3,3,3,0.0,0.0,0.0,0
2,0.999,3,3,5,0.0,0.0,0.0,0
2,0.999,3,3,8,0.0,0.0,0.0,0
