section,identity,residual_scale,worst_parent_relative_improvement,mean_parent_relative_improvement,raw_relative_improvement,risk_calibrated_relative_improvement
selection_curve,C07-C08,0.0,0.0,0.0,,
selection_curve,C07-C08,0.01,0.004477735306347842,0.007551679010440769,,
selection_curve,C07-C08,0.02,0.008945964678964332,0.015093680756814531,,
selection_curve,C07-C08,0.03,0.013398868631589539,0.022624201322718935,,
selection_curve,C07-C08,0.04,0.017842939021405855,0.03014334972113007,,
selection_curve,C07-C08,0.05,0.022278871404539963,0.037644526866498454,,
selection_curve,C07-C08,0.06,0.02670613252129474,0.04513121418693783,,
selection_curve,C07-C08,0.07,0.031112202361389868,0.05260493059057092,,
selection_curve,C07-C08,0.08,0.03550352641159928,0.060067323090074044,,
selection_curve,C07-C08,0.09,0.03987975689385964,0.06751444459341575,,
selection_curve,C07-C08,0.1,0.04422999676218623,0.0749435121285874,,
selection_curve,C07-C08,0.11,0.04855137105125542,0.08235465888832051,,
selection_curve,C07-C08,0.12,0.05284105116615201,0.08974757677042558,,
selection_curve,C07-C08,0.13,0.057107847484480695,0.09712291357245927,,
selection_curve,C07-C08,0.14,0.0613566752695367,0.1044806412519587,,
selection_curve,C07-C08,0.15,0.06559574208361489,0.11181992051081782,,
selection_curve,C07-C08,0.16,0.06981505510369525,0.11914293224474,,
selection_curve,C07-C08,0.17,0.0740192281854181,0.12644911786882548,,
selection_curve,C07-C08,0.18,0.07820554865988939,0.13373558183370537,,
selection_curve,C07-C08,0.19,0.08237227763679242,0.14100152861261045,,
selection_curve,C07-C08,0.2,0.08651677200284576,0.1482439378255077,,
selection_curve,C07-C08,0.21,0.0906416748713308,0.1554684819332802,,
selection_curve,C07-C08,0.22,0.09474805276164183,0.16267398243325476,,
selection_curve,C07-C08,0.23,0.09882899648292044,0.16985986636739642,,
selection_curve,C07-C08,0.24,0.10289218033776437,0.17702752109440537,,
selection_curve,C07-C08,0.25,0.10693579588024425,0.18417695946437304,,
selection_curve,C07-C08,0.26,0.11095645807054354,0.19130668966733116,,
selection_curve,C07-C08,0.27,0.11496397425004849,0.19842097527226737,,
selection_curve,C07-C08,0.28,0.11895753293661131,0.20551711764697805,,
selection_curve,C07-C08,0.29,0.12293481560980972,0.21259447906216122,,
selection_curve,C07-C08,0.3,0.12689009552420066,0.2196511924612743,,
selection_curve,C07-C08,0.31,0.13083299453953665,0.22668830268453505,,
selection_curve,C07-C08,0.32,0.13475845828129704,0.23370397590709469,,
selection_curve,C07-C08,0.33,0.1386675068984677,0.2406973359489845,,
selection_curve,C07-C08,0.34,0.142563409504844,0.24766965165758092,,
selection_curve,C07-C08,0.35,0.14644574876675,0.254613353565884,,
selection_curve,C07-C08,0.36,0.1503171446122628,0.2615305815865553,,
selection_curve,C07-C08,0.37,0.15417446703881238,0.2684196665686496,,
selection_curve,C07-C08,0.38,0.15801576848924398,0.2752841972726379,,
selection_curve,C07-C08,0.39,0.16184543096715573,0.28212411676389787,,
selection_curve,C07-C08,0.4,0.16565200098166155,0.2889367634797213,,
selection_curve,C07-C08,0.41,0.1694313283812056,0.2957205301692883,,
selection_curve,C07-C08,0.42,0.17317636486370405,0.30247318551061597,,
selection_curve,C07-C08,0.43,0.17689633814043762,0.30920049845872444,,
selection_curve,C07-C08,0.44,0.18059231473080062,0.3159016422261315,,
selection_curve,C07-C08,0.45,0.18426686819246174,0.3225731354759068,,
selection_curve,C07-C08,0.46,0.18790810451565473,0.32921519511039166,,
selection_curve,C07-C08,0.47,0.19151780896110462,0.33582813275552936,,
selection_curve,C07-C08,0.48,0.19510803783500738,0.34241008413435015,,
selection_curve,C07-C08,0.49,0.1986764958021449,0.34896190654898357,,
selection_curve,C07-C08,0.5,0.20221258722418736,0.3554809758905333,,
selection_curve,C07-C08,0.51,0.205189436267987,0.36196415389803904,,
selection_curve,C07-C08,0.52,0.20785022867288516,0.36841036684941375,,
selection_curve,C07-C08,0.53,0.21046969625001619,0.37481729892412846,,
selection_curve,C07-C08,0.54,0.21302058582469774,0.38118196896146994,,
selection_curve,C07-C08,0.55,0.21551710162278925,0.38750530828254,,
selection_curve,C07-C08,0.56,0.2179290170516618,0.39378536424929533,,
selection_curve,C07-C08,0.57,0.22024833986689843,0.40002095368573853,,
selection_curve,C07-C08,0.58,0.22246929368331636,0.40621157865401686,,
selection_curve,C07-C08,0.59,0.2246243209527786,0.41235717234837266,,
selection_curve,C07-C08,0.6,0.22670565669848186,0.4184564830031752,,
selection_curve,C07-C08,0.61,0.2287267097096376,0.42451002122426684,,
selection_curve,C07-C08,0.62,0.2306883133008295,0.43051382790507925,,
selection_curve,C07-C08,0.63,0.2325947476787833,0.4364625483413917,,
selection_curve,C07-C08,0.64,0.23440493422231334,0.44235364998387705,,
selection_curve,C07-C08,0.65,0.23614243300737855,0.44818726358599303,,
selection_curve,C07-C08,0.66,0.23774207504573572,0.4539547880401288,,
selection_curve,C07-C08,0.67,0.2392755822084912,0.45965925272321717,,
selection_curve,C07-C08,0.68,0.24073020857030716,0.46530047971378075,,
selection_curve,C07-C08,0.69,0.24211493120192673,0.4708789983889998,,
selection_curve,C07-C08,0.7,0.24341365198070922,0.4763926491356278,,
selection_curve,C07-C08,0.71,0.24462292401451272,0.4818347620829419,,
selection_curve,C07-C08,0.72,0.24575047440220474,0.4872091238398199,,
selection_curve,C07-C08,0.73,0.24681613224308516,0.4925183841529896,,
selection_curve,C07-C08,0.74,0.24781503022242604,0.4977549342127829,,
selection_curve,C07-C08,0.75,0.2487557287536788,0.5029135526175074,,
selection_curve,C07-C08,0.76,0.24962586069086176,0.5079941035581451,,
selection_curve,C07-C08,0.77,0.2504400279781584,0.5130011228101938,,
selection_curve,C07-C08,0.78,0.2511854089343596,0.5179215736417757,,
selection_curve,C07-C08,0.79,0.2518698632311076,0.5227428160123913,,
selection_curve,C07-C08,0.8,0.25251554946074317,0.527459827239549,,
selection_curve,C07-C08,0.81,0.2530951386927127,0.5320713834095603,,
selection_curve,C07-C08,0.82,0.25360342271086783,0.5365806630146366,,
selection_curve,C07-C08,0.83,0.2540551170931987,0.5409775724363519,,
selection_curve,C07-C08,0.84,0.2544263776792295,0.5452559933338785,,
selection_curve,C07-C08,0.85,0.25473074583094607,0.5494165562810294,,
selection_curve,C07-C08,0.86,0.2549367260448761,0.5534514161968034,,
selection_curve,C07-C08,0.87,0.25507581382449196,0.5573620319715074,,
selection_curve,C07-C08,0.88,0.2551338806998054,0.5611294215318693,,
selection_curve,C07-C08,0.89,0.2551540696394938,0.5647461889026556,,
selection_curve,C07-C08,0.9,0.25512128628621006,0.5682108550597263,,
selection_curve,C07-C08,0.91,0.255033257963817,0.5715071529157804,,
selection_curve,C07-C08,0.92,0.25490269271971683,0.5746206056989243,,
selection_curve,C07-C08,0.93,0.2547208975676835,0.5775407929825611,,
selection_curve,C07-C08,0.94,0.2544774371364523,0.58024488639419,,
selection_curve,C07-C08,0.95,0.25414899755664594,0.5827237791660053,,
selection_curve,C07-C08,0.96,0.25372737825520136,0.5849738420046545,,
selection_curve,C07-C08,0.97,0.2532131852790888,0.5869663921455959,,
selection_curve,C07-C08,0.98,0.25261151321064973,0.5886763749003068,,
selection_curve,C07-C08,0.99,0.25190247613368094,0.590099371603524,,
selection_curve,C07-C08,1.0,0.2510943503771165,0.591226578639423,,
c09_world,S01_flat_tree_small_C09,0.89,,,0.8040092004481902,0.7392381691642301
c09_world,S02_3d_tree_small_C09,0.89,,,-0.1338102753284245,-0.043193928496285235
c09_world,S03_flat_unicyclic_small_C09,0.89,,,0.8213530760417249,0.763262619128489
c09_world,S04_3d_unicyclic_small_C09,0.89,,,0.24433781339733995,0.25654516664394
c09_world,S05_flat_branch_medium_C09,0.89,,,0.8015377951183282,0.747160044307239
c09_world,S06_3d_branch_medium_C09,0.89,,,0.24981426901246273,0.27222453151269105
c09_world,S07_flat_loop_rich_C09,0.89,,,0.8315903732948011,0.7750343884841728
c09_world,S08_3d_loop_rich_C09,0.89,,,0.4641147027683649,0.45328053046253075
c09_world,S09_flat_complex_C09,0.89,,,0.7390703366784381,0.687089734635602
c09_world,S10_3d_complex_C09,0.89,,,0.40012155613316924,0.39827166799138614
