partition,tasks,rows,observable_positive_pairs,clusters,rows_with_cluster,maximum_clusters_per_row,maximum_endpoints_per_cluster,nonclique_rows,reconstruction_mismatched_pairs,disconnected_overlap_violations,asymmetric_attachment_rows,deterministic_rederive_mismatches,canonical_label_sha256,task
fit,1,1252,8077,7517,1252,11,3,0,0,0,0,0,,S01_flat_tree_small_C01__c1_mixed
fit,1,1252,8147,7859,1252,11,3,0,0,0,0,0,,S01_flat_tree_small_C01__ellipse
fit,1,1252,7398,7222,1252,11,3,0,0,0,0,0,,S01_flat_tree_small_C01__rounded_rectangle
fit,1,1134,7624,7222,1134,12,3,0,0,0,0,0,,S01_flat_tree_small_C02__c1_mixed
fit,1,1134,8115,7593,1134,13,3,0,0,0,0,0,,S01_flat_tree_small_C02__ellipse
fit,1,1134,7452,6984,1134,12,3,0,0,0,0,0,,S01_flat_tree_small_C02__rounded_rectangle
fit,1,1522,7849,7849,1522,9,2,0,0,0,0,0,,S01_flat_tree_small_C03__c1_mixed
fit,1,1522,8231,8231,1522,9,2,0,0,0,0,0,,S01_flat_tree_small_C03__ellipse
fit,1,1522,7543,7543,1522,9,2,0,0,0,0,0,,S01_flat_tree_small_C03__rounded_rectangle
fit,1,860,6542,6170,860,14,3,0,0,0,0,0,,S01_flat_tree_small_C04__c1_mixed
fit,1,860,6562,6376,860,17,3,0,0,0,0,0,,S01_flat_tree_small_C04__ellipse
fit,1,860,5994,5878,860,14,3,0,0,0,0,0,,S01_flat_tree_small_C04__rounded_rectangle
fit,1,1176,7052,6898,1176,14,3,0,0,0,0,0,,S01_flat_tree_small_C05__c1_mixed
fit,1,1176,7305,7191,1176,14,3,0,0,0,0,0,,S01_flat_tree_small_C05__ellipse
fit,1,1176,6767,6633,1176,14,3,0,0,0,0,0,,S01_flat_tree_small_C05__rounded_rectangle
fit,1,1224,7042,7042,1224,14,2,0,0,0,0,0,,S01_flat_tree_small_C06__c1_mixed
fit,1,1224,7402,7402,1224,14,2,0,0,0,0,0,,S01_flat_tree_small_C06__ellipse
fit,1,1224,6860,6860,1224,13,2,0,0,0,0,0,,S01_flat_tree_small_C06__rounded_rectangle
fit,1,1314,8751,8259,1314,12,3,0,0,0,0,0,,S02_3d_tree_small_C01__c1_mixed
fit,1,1314,8827,8345,1314,12,3,0,0,0,0,0,,S02_3d_tree_small_C01__ellipse
fit,1,1314,8415,7905,1314,12,3,0,0,0,0,0,,S02_3d_tree_small_C01__rounded_rectangle
fit,1,1212,8202,7586,1212,12,3,0,0,0,0,0,,S02_3d_tree_small_C02__c1_mixed
fit,1,1212,8457,7807,1212,12,3,0,0,0,0,0,,S02_3d_tree_small_C02__ellipse
fit,1,1212,8076,7346,1212,12,3,0,0,0,0,0,,S02_3d_tree_small_C02__rounded_rectangle
fit,1,1618,8703,7959,1618,8,3,0,0,0,0,0,,S02_3d_tree_small_C03__c1_mixed
fit,1,1618,8820,8082,1618,8,3,0,0,0,0,0,,S02_3d_tree_small_C03__ellipse
fit,1,1618,8545,7717,1618,8,3,0,0,0,0,0,,S02_3d_tree_small_C03__rounded_rectangle
fit,1,1042,7530,7364,1042,15,3,0,0,0,0,0,,S02_3d_tree_small_C04__c1_mixed
fit,1,1042,7636,7520,1042,15,3,0,0,0,0,0,,S02_3d_tree_small_C04__ellipse
fit,1,1042,7369,7077,1042,14,3,0,0,0,0,0,,S02_3d_tree_small_C04__rounded_rectangle
fit,1,1292,7835,7489,1292,10,3,0,0,0,0,0,,S02_3d_tree_small_C05__c1_mixed
fit,1,1292,8076,7676,1292,10,3,0,0,0,0,0,,S02_3d_tree_small_C05__ellipse
fit,1,1292,7481,7125,1292,10,3,0,0,0,0,0,,S02_3d_tree_small_C05__rounded_rectangle
fit,1,1538,7744,7744,1538,10,2,0,0,0,0,0,,S02_3d_tree_small_C06__c1_mixed
fit,1,1538,7876,7876,1538,8,2,0,0,0,0,0,,S02_3d_tree_small_C06__ellipse
fit,1,1538,7616,7438,1538,9,3,0,0,0,0,0,,S02_3d_tree_small_C06__rounded_rectangle
fit,1,1510,9212,8376,1510,10,3,0,0,0,0,0,,S03_flat_unicyclic_small_C01__c1_mixed
fit,1,1510,9649,8795,1510,11,3,0,0,0,0,0,,S03_flat_unicyclic_small_C01__ellipse
fit,1,1510,8945,8065,1510,10,3,0,0,0,0,0,,S03_flat_unicyclic_small_C01__rounded_rectangle
fit,1,1864,10635,10161,1864,11,3,0,0,0,0,0,,S03_flat_unicyclic_small_C02__c1_mixed
fit,1,1864,10943,10515,1864,11,3,0,0,0,0,0,,S03_flat_unicyclic_small_C02__ellipse
fit,1,1864,9951,9805,1864,11,3,0,0,0,0,0,,S03_flat_unicyclic_small_C02__rounded_rectangle
fit,1,1770,10057,8913,1770,12,3,0,0,0,0,0,,S03_flat_unicyclic_small_C03__c1_mixed
fit,1,1770,9973,9155,1770,12,3,0,0,0,0,0,,S03_flat_unicyclic_small_C03__ellipse
fit,1,1770,9614,8630,1770,12,3,0,0,0,0,0,,S03_flat_unicyclic_small_C03__rounded_rectangle
fit,1,1566,10075,9505,1566,12,3,0,0,0,0,0,,S03_flat_unicyclic_small_C04__c1_mixed
fit,1,1566,10365,9849,1566,12,3,0,0,0,0,0,,S03_flat_unicyclic_small_C04__ellipse
fit,1,1566,9298,8736,1566,12,3,0,0,0,0,0,,S03_flat_unicyclic_small_C04__rounded_rectangle
fit,1,1444,8877,8419,1444,12,3,0,0,0,0,0,,S03_flat_unicyclic_small_C05__c1_mixed
fit,1,1444,9520,8798,1444,12,3,0,0,0,0,0,,S03_flat_unicyclic_small_C05__ellipse
fit,1,1444,8609,8113,1444,11,3,0,0,0,0,0,,S03_flat_unicyclic_small_C05__rounded_rectangle
fit,1,1380,9907,9307,1380,12,3,0,0,0,0,0,,S03_flat_unicyclic_small_C06__c1_mixed
fit,1,1380,10203,9651,1380,13,3,0,0,0,0,0,,S03_flat_unicyclic_small_C06__ellipse
fit,1,1380,9563,8941,1380,12,3,0,0,0,0,0,,S03_flat_unicyclic_small_C06__rounded_rectangle
fit,1,1408,10573,9787,1408,11,3,0,0,0,0,0,,S04_3d_unicyclic_small_C01__c1_mixed
fit,1,1408,10645,10055,1408,11,3,0,0,0,0,0,,S04_3d_unicyclic_small_C01__ellipse
fit,1,1408,10334,9380,1408,11,3,0,0,0,0,0,,S04_3d_unicyclic_small_C01__rounded_rectangle
fit,1,1174,9784,8966,1174,14,3,0,0,0,0,0,,S04_3d_unicyclic_small_C02__c1_mixed
fit,1,1174,9919,9273,1174,15,3,0,0,0,0,0,,S04_3d_unicyclic_small_C02__ellipse
fit,1,1174,9764,8762,1174,14,3,0,0,0,0,0,,S04_3d_unicyclic_small_C02__rounded_rectangle
fit,1,1754,9596,8570,1754,8,3,0,0,0,0,0,,S04_3d_unicyclic_small_C03__c1_mixed
fit,1,1754,9869,8853,1754,9,3,0,0,0,0,0,,S04_3d_unicyclic_small_C03__ellipse
fit,1,1754,9410,8366,1754,9,3,0,0,0,0,0,,S04_3d_unicyclic_small_C03__rounded_rectangle
fit,1,1268,9204,8642,1268,13,3,0,0,0,0,0,,S04_3d_unicyclic_small_C04__c1_mixed
fit,1,1268,9768,9096,1268,13,3,0,0,0,0,0,,S04_3d_unicyclic_small_C04__ellipse
fit,1,1268,9085,8353,1268,13,3,0,0,0,0,0,,S04_3d_unicyclic_small_C04__rounded_rectangle
fit,1,1058,8377,7455,1058,13,3,0,0,0,0,0,,S04_3d_unicyclic_small_C05__c1_mixed
fit,1,1058,8770,7662,1058,13,3,0,0,0,0,0,,S04_3d_unicyclic_small_C05__ellipse
fit,1,1058,8402,7238,1058,13,3,0,0,0,0,0,,S04_3d_unicyclic_small_C05__rounded_rectangle
fit,1,1408,10269,9149,1408,13,3,0,0,0,0,0,,S04_3d_unicyclic_small_C06__c1_mixed
fit,1,1408,10605,9463,1408,13,3,0,0,0,0,0,,S04_3d_unicyclic_small_C06__ellipse
fit,1,1408,10197,8881,1408,12,3,0,0,0,0,0,,S04_3d_unicyclic_small_C06__rounded_rectangle
fit,1,2190,13532,12472,2190,13,3,0,0,0,0,0,,S05_flat_branch_medium_C01__c1_mixed
fit,1,2190,13935,13085,2190,12,3,0,0,0,0,0,,S05_flat_branch_medium_C01__ellipse
fit,1,2190,12396,12114,2190,13,3,0,0,0,0,0,,S05_flat_branch_medium_C01__rounded_rectangle
fit,1,2412,15188,14260,2412,12,3,0,0,0,0,0,,S05_flat_branch_medium_C02__c1_mixed
fit,1,2412,15567,14973,2412,12,3,0,0,0,0,0,,S05_flat_branch_medium_C02__ellipse
fit,1,2412,14127,13547,2412,12,3,0,0,0,0,0,,S05_flat_branch_medium_C02__rounded_rectangle
fit,1,2468,15469,14203,2468,12,3,0,0,0,0,0,,S05_flat_branch_medium_C03__c1_mixed
fit,1,2468,16042,14826,2468,12,3,0,0,0,0,0,,S05_flat_branch_medium_C03__ellipse
fit,1,2468,14881,13531,2468,11,3,0,0,0,0,0,,S05_flat_branch_medium_C03__rounded_rectangle
fit,1,2088,14060,12379,2088,14,4,0,0,0,0,0,,S05_flat_branch_medium_C04__c1_mixed
fit,1,2088,14473,12992,2088,14,4,0,0,0,0,0,,S05_flat_branch_medium_C04__ellipse
fit,1,2088,13242,11635,2088,13,4,0,0,0,0,0,,S05_flat_branch_medium_C04__rounded_rectangle
fit,1,1980,13488,11910,1980,13,3,0,0,0,0,0,,S05_flat_branch_medium_C05__c1_mixed
fit,1,1980,13822,12432,1980,12,3,0,0,0,0,0,,S05_flat_branch_medium_C05__ellipse
fit,1,1980,12612,11414,1980,11,3,0,0,0,0,0,,S05_flat_branch_medium_C05__rounded_rectangle
fit,1,2752,15643,14351,2752,10,3,0,0,0,0,0,,S05_flat_branch_medium_C06__c1_mixed
fit,1,2752,15983,14795,2752,10,3,0,0,0,0,0,,S05_flat_branch_medium_C06__ellipse
fit,1,2752,14621,13765,2752,10,3,0,0,0,0,0,,S05_flat_branch_medium_C06__rounded_rectangle
fit,1,1654,12720,11442,1654,15,3,0,0,0,0,0,,S06_3d_branch_medium_C01__c1_mixed
fit,1,1654,12943,11873,1654,17,3,0,0,0,0,0,,S06_3d_branch_medium_C01__ellipse
fit,1,1654,12047,10983,1654,14,3,0,0,0,0,0,,S06_3d_branch_medium_C01__rounded_rectangle
fit,1,1914,13222,11968,1914,14,3,0,0,0,0,0,,S06_3d_branch_medium_C02__c1_mixed
fit,1,1914,13550,12296,1914,14,3,0,0,0,0,0,,S06_3d_branch_medium_C02__ellipse
fit,1,1914,12730,11600,1914,13,3,0,0,0,0,0,,S06_3d_branch_medium_C02__rounded_rectangle
fit,1,1782,13097,12215,1782,13,3,0,0,0,0,0,,S06_3d_branch_medium_C03__c1_mixed
fit,1,1782,13583,12775,1782,14,3,0,0,0,0,0,,S06_3d_branch_medium_C03__ellipse
fit,1,1782,12490,11904,1782,13,3,0,0,0,0,0,,S06_3d_branch_medium_C03__rounded_rectangle
fit,1,3006,16141,15193,3006,10,3,0,0,0,0,0,,S06_3d_branch_medium_C04__c1_mixed
fit,1,3006,16111,15553,3006,10,3,0,0,0,0,0,,S06_3d_branch_medium_C04__ellipse
fit,1,3006,15624,14684,3006,10,3,0,0,0,0,0,,S06_3d_branch_medium_C04__rounded_rectangle
fit,1,2208,13676,12982,2208,14,3,0,0,0,0,0,,S06_3d_branch_medium_C05__c1_mixed
fit,1,2208,13882,13380,2208,14,3,0,0,0,0,0,,S06_3d_branch_medium_C05__ellipse
fit,1,2208,13318,12668,2208,14,3,0,0,0,0,0,,S06_3d_branch_medium_C05__rounded_rectangle
fit,1,2472,14998,14532,2472,10,4,0,0,0,0,0,,S06_3d_branch_medium_C06__c1_mixed
fit,1,2472,15263,14816,2472,10,4,0,0,0,0,0,,S06_3d_branch_medium_C06__ellipse
fit,1,2472,14953,14020,2472,10,4,0,0,0,0,0,,S06_3d_branch_medium_C06__rounded_rectangle
fit,1,3432,20530,19064,3432,11,3,0,0,0,0,0,,S07_flat_loop_rich_C01__c1_mixed
fit,1,3432,21019,20099,3432,11,3,0,0,0,0,0,,S07_flat_loop_rich_C01__ellipse
fit,1,3432,19670,18100,3432,11,3,0,0,0,0,0,,S07_flat_loop_rich_C01__rounded_rectangle
fit,1,3468,21701,19881,3468,11,3,0,0,0,0,0,,S07_flat_loop_rich_C02__c1_mixed
fit,1,3468,22022,20772,3468,12,3,0,0,0,0,0,,S07_flat_loop_rich_C02__ellipse
fit,1,3468,20391,18807,3468,11,3,0,0,0,0,0,,S07_flat_loop_rich_C02__rounded_rectangle
fit,1,2662,19692,17878,2662,17,4,0,0,0,0,0,,S07_flat_loop_rich_C03__c1_mixed
fit,1,2662,20514,18775,2662,18,4,0,0,0,0,0,,S07_flat_loop_rich_C03__ellipse
fit,1,2662,18808,16869,2662,16,4,0,0,0,0,0,,S07_flat_loop_rich_C03__rounded_rectangle
fit,1,3408,20453,18577,3408,12,3,0,0,0,0,0,,S07_flat_loop_rich_C04__c1_mixed
fit,1,3408,20594,19278,3408,12,3,0,0,0,0,0,,S07_flat_loop_rich_C04__ellipse
fit,1,3408,19275,17407,3408,12,3,0,0,0,0,0,,S07_flat_loop_rich_C04__rounded_rectangle
fit,1,2800,20411,18064,2800,15,4,0,0,0,0,0,,S07_flat_loop_rich_C05__c1_mixed
fit,1,2800,20337,18689,2800,15,3,0,0,0,0,0,,S07_flat_loop_rich_C05__ellipse
fit,1,2800,19113,17419,2800,15,4,0,0,0,0,0,,S07_flat_loop_rich_C05__rounded_rectangle
fit,1,3026,18996,17852,3026,12,3,0,0,0,0,0,,S07_flat_loop_rich_C06__c1_mixed
fit,1,3026,19923,18659,3026,13,3,0,0,0,0,0,,S07_flat_loop_rich_C06__ellipse
fit,1,3026,17377,16905,3026,12,3,0,0,0,0,0,,S07_flat_loop_rich_C06__rounded_rectangle
fit,1,3230,21575,20023,3230,15,3,0,0,0,0,0,,S08_3d_loop_rich_C01__c1_mixed
fit,1,3230,21692,20458,3230,14,3,0,0,0,0,0,,S08_3d_loop_rich_C01__ellipse
fit,1,3230,20746,19282,3230,13,3,0,0,0,0,0,,S08_3d_loop_rich_C01__rounded_rectangle
fit,1,3304,22147,19377,3304,13,4,0,0,0,0,0,,S08_3d_loop_rich_C02__c1_mixed
fit,1,3304,21675,19688,3304,13,4,0,0,0,0,0,,S08_3d_loop_rich_C02__ellipse
fit,1,3304,21334,18896,3304,14,4,0,0,0,0,0,,S08_3d_loop_rich_C02__rounded_rectangle
fit,1,2364,16968,15974,2364,17,3,0,0,0,0,0,,S08_3d_loop_rich_C03__c1_mixed
fit,1,2364,17424,16474,2364,17,3,0,0,0,0,0,,S08_3d_loop_rich_C03__ellipse
fit,1,2364,16670,15350,2364,16,3,0,0,0,0,0,,S08_3d_loop_rich_C03__rounded_rectangle
fit,1,3650,22698,19418,3650,12,4,0,0,0,0,0,,S08_3d_loop_rich_C04__c1_mixed
fit,1,3650,22075,19959,3650,13,3,0,0,0,0,0,,S08_3d_loop_rich_C04__ellipse
fit,1,3650,21389,18739,3650,11,3,0,0,0,0,0,,S08_3d_loop_rich_C04__rounded_rectangle
fit,1,2668,20238,18337,2668,15,4,0,0,0,0,0,,S08_3d_loop_rich_C05__c1_mixed
fit,1,2668,20390,18758,2668,15,4,0,0,0,0,0,,S08_3d_loop_rich_C05__ellipse
fit,1,2668,18695,17522,2668,15,4,0,0,0,0,0,,S08_3d_loop_rich_C05__rounded_rectangle
fit,1,3272,20406,18250,3272,14,3,0,0,0,0,0,,S08_3d_loop_rich_C06__c1_mixed
fit,1,3272,20939,18771,3272,14,3,0,0,0,0,0,,S08_3d_loop_rich_C06__ellipse
fit,1,3272,19087,17539,3272,14,3,0,0,0,0,0,,S08_3d_loop_rich_C06__rounded_rectangle
fit,1,4704,27789,25423,4704,11,4,0,0,0,0,0,,S09_flat_complex_C01__c1_mixed
fit,1,4704,28496,26722,4704,12,3,0,0,0,0,0,,S09_flat_complex_C01__ellipse
fit,1,4704,26304,24124,4701,11,4,0,0,0,0,0,,S09_flat_complex_C01__rounded_rectangle
fit,1,3344,24353,22207,3344,13,3,0,0,0,0,0,,S09_flat_complex_C02__c1_mixed
fit,1,3344,25470,23168,3344,13,3,0,0,0,0,0,,S09_flat_complex_C02__ellipse
fit,1,3344,22569,21235,3344,13,3,0,0,0,0,0,,S09_flat_complex_C02__rounded_rectangle
fit,1,3840,26942,25334,3840,13,3,0,0,0,0,0,,S09_flat_complex_C03__c1_mixed
fit,1,3840,28604,26864,3840,13,3,0,0,0,0,0,,S09_flat_complex_C03__ellipse
fit,1,3840,26210,24310,3840,14,3,0,0,0,0,0,,S09_flat_complex_C03__rounded_rectangle
fit,1,3520,24208,22550,3520,15,3,0,0,0,0,0,,S09_flat_complex_C04__c1_mixed
fit,1,3520,24781,23307,3520,15,3,0,0,0,0,0,,S09_flat_complex_C04__ellipse
fit,1,3520,22943,21581,3520,15,3,0,0,0,0,0,,S09_flat_complex_C04__rounded_rectangle
fit,1,4594,28122,26654,4594,12,3,0,0,0,0,0,,S09_flat_complex_C05__c1_mixed
fit,1,4594,29622,27862,4594,12,3,0,0,0,0,0,,S09_flat_complex_C05__ellipse
fit,1,4594,27022,25222,4594,12,3,0,0,0,0,0,,S09_flat_complex_C05__rounded_rectangle
fit,1,3376,24105,22543,3376,14,3,0,0,0,0,0,,S09_flat_complex_C06__c1_mixed
fit,1,3376,25157,23629,3376,14,3,0,0,0,0,0,,S09_flat_complex_C06__ellipse
fit,1,3376,23254,21554,3376,14,3,0,0,0,0,0,,S09_flat_complex_C06__rounded_rectangle
fit,1,2624,22819,21017,2624,17,4,0,0,0,0,0,,S10_3d_complex_C01__c1_mixed
fit,1,2624,23178,21729,2624,16,4,0,0,0,0,0,,S10_3d_complex_C01__ellipse
fit,1,2624,22100,20360,2624,17,4,0,0,0,0,0,,S10_3d_complex_C01__rounded_rectangle
fit,1,4052,24912,22806,4052,11,3,0,0,0,0,0,,S10_3d_complex_C02__c1_mixed
fit,1,4052,25338,23508,4052,11,3,0,0,0,0,0,,S10_3d_complex_C02__ellipse
fit,1,4052,24927,22188,4052,11,4,0,0,0,0,0,,S10_3d_complex_C02__rounded_rectangle
fit,1,3706,25876,24139,3706,16,4,0,0,0,0,0,,S10_3d_complex_C03__c1_mixed
fit,1,3706,26013,24963,3706,17,3,0,0,0,0,0,,S10_3d_complex_C03__ellipse
fit,1,3706,25230,23293,3706,16,4,0,0,0,0,0,,S10_3d_complex_C03__rounded_rectangle
fit,1,4282,27750,26091,4282,17,4,0,0,0,0,0,,S10_3d_complex_C04__c1_mixed
fit,1,4282,28252,26928,4282,16,3,0,0,0,0,0,,S10_3d_complex_C04__ellipse
fit,1,4282,27008,25127,4282,15,4,0,0,0,0,0,,S10_3d_complex_C04__rounded_rectangle
fit,1,3622,25228,23271,3622,17,4,0,0,0,0,0,,S10_3d_complex_C05__c1_mixed
fit,1,3622,25993,24031,3622,18,4,0,0,0,0,0,,S10_3d_complex_C05__ellipse
fit,1,3622,24492,22407,3622,17,4,0,0,0,0,0,,S10_3d_complex_C05__rounded_rectangle
fit,1,3522,25267,22897,3522,13,4,0,0,0,0,0,,S10_3d_complex_C06__c1_mixed
fit,1,3522,24585,23127,3522,14,3,0,0,0,0,0,,S10_3d_complex_C06__ellipse
fit,1,3522,23277,21957,3522,13,3,0,0,0,0,0,,S10_3d_complex_C06__rounded_rectangle
c07,1,1004,7601,7119,1004,11,3,0,0,0,0,0,,S01_flat_tree_small_C07__c1_mixed
c07,1,1004,7805,7397,1004,11,3,0,0,0,0,0,,S01_flat_tree_small_C07__ellipse
c07,1,1004,7487,6893,1004,12,3,0,0,0,0,0,,S01_flat_tree_small_C07__rounded_rectangle
c07,1,922,6931,6931,922,16,2,0,0,0,0,0,,S02_3d_tree_small_C07__c1_mixed
c07,1,922,7364,7142,922,16,3,0,0,0,0,0,,S02_3d_tree_small_C07__ellipse
c07,1,922,7042,6806,922,16,3,0,0,0,0,0,,S02_3d_tree_small_C07__rounded_rectangle
c07,1,906,8292,7340,906,19,3,0,0,0,0,0,,S03_flat_unicyclic_small_C07__c1_mixed
c07,1,906,8546,7746,906,19,3,0,0,0,0,0,,S03_flat_unicyclic_small_C07__ellipse
c07,1,906,7883,6957,906,17,3,0,0,0,0,0,,S03_flat_unicyclic_small_C07__rounded_rectangle
c07,1,1134,8867,8171,1134,12,3,0,0,0,0,0,,S04_3d_unicyclic_small_C07__c1_mixed
c07,1,1134,9066,8520,1134,12,3,0,0,0,0,0,,S04_3d_unicyclic_small_C07__ellipse
c07,1,1134,8763,7833,1134,12,3,0,0,0,0,0,,S04_3d_unicyclic_small_C07__rounded_rectangle
c07,1,2068,13458,12646,2068,15,3,0,0,0,0,0,,S05_flat_branch_medium_C07__c1_mixed
c07,1,2068,14061,13315,2068,16,3,0,0,0,0,0,,S05_flat_branch_medium_C07__ellipse
c07,1,2068,12639,11921,2068,15,3,0,0,0,0,0,,S05_flat_branch_medium_C07__rounded_rectangle
c07,1,1676,12335,11825,1676,14,3,0,0,0,0,0,,S06_3d_branch_medium_C07__c1_mixed
c07,1,1676,12682,12121,1676,14,4,0,0,0,0,0,,S06_3d_branch_medium_C07__ellipse
c07,1,1676,12262,11494,1676,14,3,0,0,0,0,0,,S06_3d_branch_medium_C07__rounded_rectangle
c07,1,2678,19797,18129,2678,16,3,0,0,0,0,0,,S07_flat_loop_rich_C07__c1_mixed
c07,1,2678,20480,18954,2678,17,3,0,0,0,0,0,,S07_flat_loop_rich_C07__ellipse
c07,1,2678,18771,17206,2678,16,4,0,0,0,0,0,,S07_flat_loop_rich_C07__rounded_rectangle
c07,1,3458,20029,18229,3458,11,3,0,0,0,0,0,,S08_3d_loop_rich_C07__c1_mixed
c07,1,3458,20368,18766,3458,11,3,0,0,0,0,0,,S08_3d_loop_rich_C07__ellipse
c07,1,3458,19094,17690,3458,11,3,0,0,0,0,0,,S08_3d_loop_rich_C07__rounded_rectangle
c07,1,3580,23032,21634,3580,14,3,0,0,0,0,0,,S09_flat_complex_C07__c1_mixed
c07,1,3580,23684,22658,3580,14,3,0,0,0,0,0,,S09_flat_complex_C07__ellipse
c07,1,3580,22599,20520,3580,13,4,0,0,0,0,0,,S09_flat_complex_C07__rounded_rectangle
c07,1,4122,27431,25115,4122,14,3,0,0,0,0,0,,S10_3d_complex_C07__c1_mixed
c07,1,4122,28232,25824,4122,14,3,0,0,0,0,0,,S10_3d_complex_C07__ellipse
c07,1,4122,26335,24313,4122,14,3,0,0,0,0,0,,S10_3d_complex_C07__rounded_rectangle
