split,task_id,parent_id,geometry_realization,rows,primitive_count,observable_endpoints,observable_pairs,observable_positive_pairs,overlap_hard_negative_pairs,maximum_positive_target_anchor_distance_m,minimum_negative_target_anchor_distance_m,minimum_overlap_hard_negative_anchor_distance_m,minimum_distinct_construction_node_distance_m
fit,S01_flat_tree_small_C01__c1_mixed,S01_flat_tree_small_C01,c1_mixed,1252,55,16097,98633,8077,14115,0.0,6.6851420402526855,6.6851420402526855,6.685142137863125
fit,S01_flat_tree_small_C01__ellipse,S01_flat_tree_small_C01,ellipse,1252,55,16473,104454,8147,16883,0.0,6.6851420402526855,6.6851420402526855,6.685142137863125
fit,S01_flat_tree_small_C01__rounded_rectangle,S01_flat_tree_small_C01,rounded_rectangle,1252,55,15391,89825,7398,9976,0.0,6.6851420402526855,6.6851420402526855,6.685142137863125
fit,S01_flat_tree_small_C02__c1_mixed,S01_flat_tree_small_C02,c1_mixed,1134,56,15411,100623,7624,14440,0.0,5.816664695739746,5.816664695739746,5.816664511770778
fit,S01_flat_tree_small_C02__ellipse,S01_flat_tree_small_C02,ellipse,1134,56,16050,110025,8115,18124,0.0,5.816664695739746,5.816664695739746,5.816664511770778
fit,S01_flat_tree_small_C02__rounded_rectangle,S01_flat_tree_small_C02,rounded_rectangle,1134,56,15048,95813,7452,10759,0.0,5.816664695739746,5.816664695739746,5.816664511770778
fit,S01_flat_tree_small_C03__c1_mixed,S01_flat_tree_small_C03,c1_mixed,1522,55,16412,78539,7849,7036,0.0,10.347209930419922,10.347209930419922,10.34720960006731
fit,S01_flat_tree_small_C03__ellipse,S01_flat_tree_small_C03,ellipse,1522,55,17044,84835,8231,9338,0.0,10.347209930419922,10.347209930419922,10.34720960006731
fit,S01_flat_tree_small_C03__rounded_rectangle,S01_flat_tree_small_C03,rounded_rectangle,1522,55,15900,73124,7543,5046,0.0,10.347209930419922,10.347209930419922,10.34720960006731
fit,S01_flat_tree_small_C04__c1_mixed,S01_flat_tree_small_C04,c1_mixed,860,54,13304,103446,6542,14874,0.0,5.609046459197998,5.609046459197998,5.6090462324529184
fit,S01_flat_tree_small_C04__ellipse,S01_flat_tree_small_C04,ellipse,860,54,13590,109249,6562,17971,0.0,5.609046459197998,5.609046459197998,5.6090462324529184
fit,S01_flat_tree_small_C04__rounded_rectangle,S01_flat_tree_small_C04,rounded_rectangle,860,54,12653,92920,5994,10863,0.0,5.609046459197998,5.609046459197998,5.6090462324529184
fit,S01_flat_tree_small_C05__c1_mixed,S01_flat_tree_small_C05,c1_mixed,1176,53,14481,90664,7052,14023,0.0,5.985416889190674,5.985416889190674,5.985416690960216
fit,S01_flat_tree_small_C05__ellipse,S01_flat_tree_small_C05,ellipse,1176,53,15006,98711,7305,17286,0.0,5.985416889190674,5.985416889190674,5.985416690960216
fit,S01_flat_tree_small_C05__rounded_rectangle,S01_flat_tree_small_C05,rounded_rectangle,1176,53,13998,84731,6767,10621,0.0,5.985416889190674,5.985416889190674,5.985416690960216
fit,S01_flat_tree_small_C06__c1_mixed,S01_flat_tree_small_C06,c1_mixed,1224,53,14807,88806,7042,11092,0.0,6.23405647277832,6.23405647277832,2.852444539919265
fit,S01_flat_tree_small_C06__ellipse,S01_flat_tree_small_C06,ellipse,1224,53,15401,97687,7402,15061,0.0,2.852444648742676,2.852444648742676,2.852444539919265
fit,S01_flat_tree_small_C06__rounded_rectangle,S01_flat_tree_small_C06,rounded_rectangle,1224,53,14418,83231,6860,8346,0.0,6.23405647277832,6.23405647277832,2.852444539919265
fit,S02_3d_tree_small_C01__c1_mixed,S02_3d_tree_small_C01,c1_mixed,1314,55,17385,114622,8751,20895,0.0,7.0242767333984375,7.0242767333984375,7.024276710068102
fit,S02_3d_tree_small_C01__ellipse,S02_3d_tree_small_C01,ellipse,1314,55,17502,116349,8827,22327,0.0,7.0242767333984375,7.0242767333984375,7.024276710068102
fit,S02_3d_tree_small_C01__rounded_rectangle,S02_3d_tree_small_C01,rounded_rectangle,1314,55,16886,108339,8415,17783,0.0,7.0242767333984375,7.0242767333984375,7.024276710068102
fit,S02_3d_tree_small_C02__c1_mixed,S02_3d_tree_small_C02,c1_mixed,1212,56,16268,106106,8202,18843,0.0,8.242822647094727,8.242822647094727,8.242822349255839
fit,S02_3d_tree_small_C02__ellipse,S02_3d_tree_small_C02,ellipse,1212,56,16600,110234,8457,21322,0.0,8.242822647094727,8.242822647094727,8.242822349255839
fit,S02_3d_tree_small_C02__rounded_rectangle,S02_3d_tree_small_C02,rounded_rectangle,1212,56,15925,101116,8076,15296,0.0,8.242822647094727,8.242822647094727,8.242822349255839
fit,S02_3d_tree_small_C03__c1_mixed,S02_3d_tree_small_C03,c1_mixed,1618,56,16987,78279,8703,9297,0.0,11.46079158782959,12.393156051635742,11.460791569798596
fit,S02_3d_tree_small_C03__ellipse,S02_3d_tree_small_C03,ellipse,1618,56,17202,80415,8820,10507,0.0,11.46079158782959,12.393156051635742,11.460791569798596
fit,S02_3d_tree_small_C03__rounded_rectangle,S02_3d_tree_small_C03,rounded_rectangle,1618,56,16644,74917,8545,7434,0.0,11.46079158782959,12.393156051635742,11.460791569798596
fit,S02_3d_tree_small_C04__c1_mixed,S02_3d_tree_small_C04,c1_mixed,1042,58,15447,114200,7530,20888,0.0,6.516325950622559,6.516325950622559,6.5163258764868
fit,S02_3d_tree_small_C04__ellipse,S02_3d_tree_small_C04,ellipse,1042,58,15636,117277,7636,22731,0.0,6.516325950622559,6.516325950622559,6.5163258764868
fit,S02_3d_tree_small_C04__rounded_rectangle,S02_3d_tree_small_C04,rounded_rectangle,1042,58,15076,108092,7369,17341,0.0,6.516325950622559,6.516325950622559,6.5163258764868
fit,S02_3d_tree_small_C05__c1_mixed,S02_3d_tree_small_C05,c1_mixed,1292,54,15875,92741,7835,14664,0.0,8.751702308654785,8.751702308654785,8.751702198930593
fit,S02_3d_tree_small_C05__ellipse,S02_3d_tree_small_C05,ellipse,1292,54,16247,98086,8076,17062,0.0,8.751702308654785,8.751702308654785,8.751702198930593
fit,S02_3d_tree_small_C05__rounded_rectangle,S02_3d_tree_small_C05,rounded_rectangle,1292,54,15285,85372,7481,10949,0.0,8.751702308654785,8.751702308654785,8.751702198930593
fit,S02_3d_tree_small_C06__c1_mixed,S02_3d_tree_small_C06,c1_mixed,1538,58,16144,75253,7744,9829,0.0,7.4886603355407715,7.4886603355407715,7.4886601428221695
fit,S02_3d_tree_small_C06__ellipse,S02_3d_tree_small_C06,ellipse,1538,58,16397,77227,7876,11007,0.0,7.4886603355407715,7.4886603355407715,7.4886601428221695
fit,S02_3d_tree_small_C06__rounded_rectangle,S02_3d_tree_small_C06,rounded_rectangle,1538,58,15749,71379,7616,7710,0.0,7.4886603355407715,7.4886603355407715,7.4886601428221695
fit,S03_flat_unicyclic_small_C01__c1_mixed,S03_flat_unicyclic_small_C01,c1_mixed,1510,63,18104,98082,9212,9743,0.0,5.056637763977051,5.056637763977051,5.0566375366723975
fit,S03_flat_unicyclic_small_C01__ellipse,S03_flat_unicyclic_small_C01,ellipse,1510,63,18742,105853,9649,13502,0.0,5.056637763977051,5.056637763977051,5.0566375366723975
fit,S03_flat_unicyclic_small_C01__rounded_rectangle,S03_flat_unicyclic_small_C01,rounded_rectangle,1510,63,17571,91723,8945,6732,0.0,5.056637763977051,5.056637763977051,5.0566375366723975
fit,S03_flat_unicyclic_small_C02__c1_mixed,S03_flat_unicyclic_small_C02,c1_mixed,1864,67,21623,113916,10635,11544,0.0,9.396645545959473,9.396645545959473,9.396645932678302
fit,S03_flat_unicyclic_small_C02__ellipse,S03_flat_unicyclic_small_C02,ellipse,1864,67,22103,119552,10943,14608,0.0,9.396645545959473,9.396645545959473,9.396645932678302
fit,S03_flat_unicyclic_small_C02__rounded_rectangle,S03_flat_unicyclic_small_C02,rounded_rectangle,1864,67,20880,105640,9951,8239,0.0,9.396645545959473,9.396645545959473,9.396645932678302
fit,S03_flat_unicyclic_small_C03__c1_mixed,S03_flat_unicyclic_small_C03,c1_mixed,1770,61,19158,102280,10057,14473,0.0,5.925159931182861,5.925159931182861,5.925159992080898
fit,S03_flat_unicyclic_small_C03__ellipse,S03_flat_unicyclic_small_C03,ellipse,1770,61,19415,104735,9973,15768,0.0,5.925159931182861,5.925159931182861,5.925159992080898
fit,S03_flat_unicyclic_small_C03__rounded_rectangle,S03_flat_unicyclic_small_C03,rounded_rectangle,1770,61,18608,95118,9614,11178,0.0,5.925159931182861,5.925159931182861,5.925159992080898
fit,S03_flat_unicyclic_small_C04__c1_mixed,S03_flat_unicyclic_small_C04,c1_mixed,1566,62,20257,125161,10075,18402,0.0,7.009364128112793,7.009364128112793,4.066404034735327
fit,S03_flat_unicyclic_small_C04__ellipse,S03_flat_unicyclic_small_C04,ellipse,1566,62,20766,131657,10365,21446,0.0,7.009364128112793,7.009364128112793,4.066404034735327
fit,S03_flat_unicyclic_small_C04__rounded_rectangle,S03_flat_unicyclic_small_C04,rounded_rectangle,1566,62,18906,106912,9298,12350,0.0,4.066403865814209,4.066403865814209,4.066404034735327
fit,S03_flat_unicyclic_small_C05__c1_mixed,S03_flat_unicyclic_small_C05,c1_mixed,1444,57,17887,107158,8877,14272,0.0,7.858189105987549,7.858189105987549,7.858188925686951
fit,S03_flat_unicyclic_small_C05__ellipse,S03_flat_unicyclic_small_C05,ellipse,1444,57,18647,118393,9520,17980,0.0,7.858189105987549,7.858189105987549,7.858188925686951
fit,S03_flat_unicyclic_small_C05__rounded_rectangle,S03_flat_unicyclic_small_C05,rounded_rectangle,1444,57,17308,100015,8609,10622,0.0,7.858189105987549,7.858189105987549,7.858188925686951
fit,S03_flat_unicyclic_small_C06__c1_mixed,S03_flat_unicyclic_small_C06,c1_mixed,1380,69,19648,133007,9907,22123,0.0,5.88253116607666,5.88253116607666,5.882531294742285
fit,S03_flat_unicyclic_small_C06__ellipse,S03_flat_unicyclic_small_C06,ellipse,1380,69,20136,139956,10203,25323,0.0,5.88253116607666,5.88253116607666,5.882531294742285
fit,S03_flat_unicyclic_small_C06__rounded_rectangle,S03_flat_unicyclic_small_C06,rounded_rectangle,1380,69,19054,124593,9563,17280,0.0,5.88253116607666,5.88253116607666,5.882531294742285
fit,S04_3d_unicyclic_small_C01__c1_mixed,S04_3d_unicyclic_small_C01,c1_mixed,1408,77,20773,149434,10573,23903,0.0,5.202029228210449,5.202029228210449,5.2020291344635625
fit,S04_3d_unicyclic_small_C01__ellipse,S04_3d_unicyclic_small_C01,ellipse,1408,77,21119,154499,10645,26639,0.0,5.202029228210449,5.202029228210449,5.2020291344635625
fit,S04_3d_unicyclic_small_C01__rounded_rectangle,S04_3d_unicyclic_small_C01,rounded_rectangle,1408,77,20112,140066,10334,18357,0.0,5.202029228210449,5.202029228210449,5.2020291344635625
fit,S04_3d_unicyclic_small_C02__c1_mixed,S04_3d_unicyclic_small_C02,c1_mixed,1174,71,19066,146116,9784,25644,0.0,5.910407543182373,5.910407543182373,5.910407651787491
fit,S04_3d_unicyclic_small_C02__ellipse,S04_3d_unicyclic_small_C02,ellipse,1174,71,19546,154195,9919,29747,0.0,5.910407543182373,5.910407543182373,5.910407651787491
fit,S04_3d_unicyclic_small_C02__rounded_rectangle,S04_3d_unicyclic_small_C02,rounded_rectangle,1174,71,18787,141475,9764,22085,0.0,5.910407543182373,5.910407543182373,5.910407651787491
fit,S04_3d_unicyclic_small_C03__c1_mixed,S04_3d_unicyclic_small_C03,c1_mixed,1754,59,18360,87906,9596,13257,0.0,9.275595664978027,9.275595664978027,9.275595394849455
fit,S04_3d_unicyclic_small_C03__ellipse,S04_3d_unicyclic_small_C03,ellipse,1754,59,18899,93607,9869,15923,0.0,9.275595664978027,9.275595664978027,9.275595394849455
fit,S04_3d_unicyclic_small_C03__rounded_rectangle,S04_3d_unicyclic_small_C03,rounded_rectangle,1754,59,17990,84187,9410,11087,0.0,9.275595664978027,9.275595664978027,9.275595394849455
fit,S04_3d_unicyclic_small_C04__c1_mixed,S04_3d_unicyclic_small_C04,c1_mixed,1268,66,18577,131863,9204,19736,0.0,5.474529266357422,5.474529266357422,5.474529146293321
fit,S04_3d_unicyclic_small_C04__ellipse,S04_3d_unicyclic_small_C04,ellipse,1268,66,19363,143909,9768,24609,0.0,5.474529266357422,5.474529266357422,5.474529146293321
fit,S04_3d_unicyclic_small_C04__rounded_rectangle,S04_3d_unicyclic_small_C04,rounded_rectangle,1268,66,18111,124661,9085,15168,0.0,5.474529266357422,5.474529266357422,5.474529146293321
fit,S04_3d_unicyclic_small_C05__c1_mixed,S04_3d_unicyclic_small_C05,c1_mixed,1058,60,16023,115267,8377,18900,0.0,5.927762508392334,5.927762508392334,5.927762308786668
fit,S04_3d_unicyclic_small_C05__ellipse,S04_3d_unicyclic_small_C05,ellipse,1058,60,16499,122290,8770,21725,0.0,5.927762508392334,5.927762508392334,5.927762308786668
fit,S04_3d_unicyclic_small_C05__rounded_rectangle,S04_3d_unicyclic_small_C05,rounded_rectangle,1058,60,15769,110269,8402,16239,0.0,5.927762508392334,5.927762508392334,5.927762308786668
fit,S04_3d_unicyclic_small_C06__c1_mixed,S04_3d_unicyclic_small_C06,c1_mixed,1408,65,19895,131849,10269,20671,0.0,9.273853302001953,9.273853302001953,9.27385363777553
fit,S04_3d_unicyclic_small_C06__ellipse,S04_3d_unicyclic_small_C06,ellipse,1408,65,20308,137843,10605,23651,0.0,9.273853302001953,9.273853302001953,9.27385363777553
fit,S04_3d_unicyclic_small_C06__rounded_rectangle,S04_3d_unicyclic_small_C06,rounded_rectangle,1408,65,19517,126766,10197,18182,0.0,9.273853302001953,9.273853302001953,9.27385363777553
fit,S05_flat_branch_medium_C01__c1_mixed,S05_flat_branch_medium_C01,c1_mixed,2190,88,26754,161011,13532,20342,0.0,6.06870174407959,6.06870174407959,6.068701595004689
fit,S05_flat_branch_medium_C01__ellipse,S05_flat_branch_medium_C01,ellipse,2190,88,27651,172637,13935,26703,0.0,6.06870174407959,6.06870174407959,6.068701595004689
fit,S05_flat_branch_medium_C01__rounded_rectangle,S05_flat_branch_medium_C01,rounded_rectangle,2190,88,25688,149266,12396,15121,0.0,6.06870174407959,6.06870174407959,6.068701595004689
fit,S05_flat_branch_medium_C02__c1_mixed,S05_flat_branch_medium_C02,c1_mixed,2412,99,30812,187174,15188,20698,0.0,6.609938144683838,6.609938144683838,6.609938138170527
fit,S05_flat_branch_medium_C02__ellipse,S05_flat_branch_medium_C02,ellipse,2412,99,31563,197333,15567,26001,0.0,6.609938144683838,6.609938144683838,6.609938138170527
fit,S05_flat_branch_medium_C02__rounded_rectangle,S05_flat_branch_medium_C02,rounded_rectangle,2412,99,29448,170666,14127,15363,0.0,6.609938144683838,6.609938144683838,6.609938138170527
fit,S05_flat_branch_medium_C03__c1_mixed,S05_flat_branch_medium_C03,c1_mixed,2468,93,30417,179374,15469,26067,0.0,8.049786567687988,8.049786567687988,6.359668081916676
fit,S05_flat_branch_medium_C03__ellipse,S05_flat_branch_medium_C03,ellipse,2468,93,31441,192153,16042,31018,0.0,6.359668254852295,6.359668254852295,6.359668081916676
fit,S05_flat_branch_medium_C03__rounded_rectangle,S05_flat_branch_medium_C03,rounded_rectangle,2468,93,29304,165106,14881,20063,0.0,8.049786567687988,8.049786567687988,6.359668081916676
fit,S05_flat_branch_medium_C04__c1_mixed,S05_flat_branch_medium_C04,c1_mixed,2088,86,27034,182442,14060,22749,0.0,5.139960289001465,5.139960289001465,5.139960172664685
fit,S05_flat_branch_medium_C04__ellipse,S05_flat_branch_medium_C04,ellipse,2088,86,27817,191590,14473,27690,0.0,5.139960289001465,5.139960289001465,5.139960172664685
fit,S05_flat_branch_medium_C04__rounded_rectangle,S05_flat_branch_medium_C04,rounded_rectangle,2088,86,25807,164518,13242,16705,0.0,5.139960289001465,5.139960289001465,5.139960172664685
fit,S05_flat_branch_medium_C05__c1_mixed,S05_flat_branch_medium_C05,c1_mixed,1980,86,25896,170048,13488,24373,0.0,7.068225860595703,7.068225860595703,7.068225744146319
fit,S05_flat_branch_medium_C05__ellipse,S05_flat_branch_medium_C05,ellipse,1980,86,26601,181417,13822,28915,0.0,7.068225860595703,7.068225860595703,7.068225744146319
fit,S05_flat_branch_medium_C05__rounded_rectangle,S05_flat_branch_medium_C05,rounded_rectangle,1980,86,24870,155622,12612,18642,0.0,7.068225860595703,7.068225860595703,7.068225744146319
fit,S05_flat_branch_medium_C06__c1_mixed,S05_flat_branch_medium_C06,c1_mixed,2752,92,30716,158324,15643,18783,0.0,7.9720778465271,7.9720778465271,7.972078047882279
fit,S05_flat_branch_medium_C06__ellipse,S05_flat_branch_medium_C06,ellipse,2752,92,31251,164532,15983,22008,0.0,7.9720778465271,7.9720778465271,7.972078047882279
fit,S05_flat_branch_medium_C06__rounded_rectangle,S05_flat_branch_medium_C06,rounded_rectangle,2752,92,29560,146017,14621,13755,0.0,7.9720778465271,7.9720778465271,7.972078047882279
fit,S06_3d_branch_medium_C01__c1_mixed,S06_3d_branch_medium_C01,c1_mixed,1654,91,24784,188564,12720,32260,0.0,6.517412185668945,6.517412185668945,6.517412399709744
fit,S06_3d_branch_medium_C01__ellipse,S06_3d_branch_medium_C01,ellipse,1654,91,25470,202069,12943,38116,0.0,6.517412185668945,6.517412185668945,6.517412399709744
fit,S06_3d_branch_medium_C01__rounded_rectangle,S06_3d_branch_medium_C01,rounded_rectangle,1654,91,23736,170012,12047,24400,0.0,6.517412185668945,6.517412185668945,6.517412399709744
fit,S06_3d_branch_medium_C02__c1_mixed,S06_3d_branch_medium_C02,c1_mixed,1914,84,25608,161850,13222,25409,0.0,7.808323383331299,7.808323383331299,7.808323358898968
fit,S06_3d_branch_medium_C02__ellipse,S06_3d_branch_medium_C02,ellipse,1914,84,26163,168719,13550,28393,0.0,7.808323383331299,7.808323383331299,7.808323358898968
fit,S06_3d_branch_medium_C02__rounded_rectangle,S06_3d_branch_medium_C02,rounded_rectangle,1914,84,24915,152807,12730,20007,0.0,7.808323383331299,7.808323383331299,7.808323358898968
fit,S06_3d_branch_medium_C03__c1_mixed,S06_3d_branch_medium_C03,c1_mixed,1782,88,26229,183892,13097,29273,0.0,6.498558521270752,6.498558521270752,6.4985586076160535
fit,S06_3d_branch_medium_C03__ellipse,S06_3d_branch_medium_C03,ellipse,1782,88,26970,194817,13583,33965,0.0,6.498558521270752,6.498558521270752,6.4985586076160535
fit,S06_3d_branch_medium_C03__rounded_rectangle,S06_3d_branch_medium_C03,rounded_rectangle,1782,88,25363,171839,12490,22745,0.0,6.498558521270752,6.498558521270752,6.4985586076160535
fit,S06_3d_branch_medium_C04__c1_mixed,S06_3d_branch_medium_C04,c1_mixed,3006,97,31855,152441,16141,19117,0.0,10.196720123291016,10.196720123291016,10.196720587736719
fit,S06_3d_branch_medium_C04__ellipse,S06_3d_branch_medium_C04,ellipse,3006,97,32340,157597,16111,22852,0.0,10.196720123291016,10.196720123291016,10.196720587736719
fit,S06_3d_branch_medium_C04__rounded_rectangle,S06_3d_branch_medium_C04,rounded_rectangle,3006,97,31035,144192,15624,15456,0.0,10.196720123291016,10.196720123291016,10.196720587736719
fit,S06_3d_branch_medium_C05__c1_mixed,S06_3d_branch_medium_C05,c1_mixed,2208,92,27527,170246,13676,26379,0.0,7.206429958343506,7.206429958343506,7.206429892449403
fit,S06_3d_branch_medium_C05__ellipse,S06_3d_branch_medium_C05,ellipse,2208,92,27993,177126,13882,29926,0.0,7.206429958343506,7.206429958343506,7.206429892449403
fit,S06_3d_branch_medium_C05__rounded_rectangle,S06_3d_branch_medium_C05,rounded_rectangle,2208,92,26895,160834,13318,22195,0.0,7.206429958343506,7.206429958343506,7.206429892449403
fit,S06_3d_branch_medium_C06__c1_mixed,S06_3d_branch_medium_C06,c1_mixed,2472,99,30704,177835,14998,30754,0.0,7.946740627288818,8.698250770568848,7.9467407746365275
fit,S06_3d_branch_medium_C06__ellipse,S06_3d_branch_medium_C06,ellipse,2472,99,31150,182485,15263,33305,0.0,7.946740627288818,8.698250770568848,7.9467407746365275
fit,S06_3d_branch_medium_C06__rounded_rectangle,S06_3d_branch_medium_C06,rounded_rectangle,2472,99,30063,169324,14953,25999,0.0,7.946740627288818,8.698250770568848,7.9467407746365275
fit,S07_flat_loop_rich_C01__c1_mixed,S07_flat_loop_rich_C01,c1_mixed,3432,133,41186,228797,20530,22368,0.0,6.660902500152588,6.660902500152588,6.6609024145473565
fit,S07_flat_loop_rich_C01__ellipse,S07_flat_loop_rich_C01,ellipse,3432,133,42335,243027,21019,28405,0.0,6.660902500152588,6.660902500152588,6.6609024145473565
fit,S07_flat_loop_rich_C01__rounded_rectangle,S07_flat_loop_rich_C01,rounded_rectangle,3432,133,39621,211177,19670,16617,0.0,6.660902500152588,6.660902500152588,6.6609024145473565
fit,S07_flat_loop_rich_C02__c1_mixed,S07_flat_loop_rich_C02,c1_mixed,3468,138,42557,241753,21701,24713,0.0,7.4720306396484375,7.4720306396484375,7.472030652226263
fit,S07_flat_loop_rich_C02__ellipse,S07_flat_loop_rich_C02,ellipse,3468,138,43652,254871,22022,31979,0.0,7.4720306396484375,7.4720306396484375,7.472030652226263
fit,S07_flat_loop_rich_C02__rounded_rectangle,S07_flat_loop_rich_C02,rounded_rectangle,3468,138,40761,220995,20391,17111,0.0,7.4720306396484375,7.4720306396484375,7.472030652226263
fit,S07_flat_loop_rich_C03__c1_mixed,S07_flat_loop_rich_C03,c1_mixed,2662,118,38706,290801,19692,41782,0.0,3.4578516483306885,3.4578516483306885,3.457851616246432
fit,S07_flat_loop_rich_C03__ellipse,S07_flat_loop_rich_C03,ellipse,2662,118,40108,318044,20514,51569,0.0,4.1534104347229,4.1534104347229,3.457851616246432
fit,S07_flat_loop_rich_C03__rounded_rectangle,S07_flat_loop_rich_C03,rounded_rectangle,2662,118,37020,264563,18808,31967,0.0,3.4578516483306885,3.4578516483306885,3.457851616246432
fit,S07_flat_loop_rich_C04__c1_mixed,S07_flat_loop_rich_C04,c1_mixed,3408,121,40007,225257,20453,24907,0.0,7.550995349884033,7.564236640930176,7.550995269353347
fit,S07_flat_loop_rich_C04__ellipse,S07_flat_loop_rich_C04,ellipse,3408,121,40992,237729,20594,31725,0.0,7.550995349884033,7.564236640930176,7.550995269353347
fit,S07_flat_loop_rich_C04__rounded_rectangle,S07_flat_loop_rich_C04,rounded_rectangle,3408,121,37799,195483,19275,15350,0.0,7.550995349884033,7.564236640930176,7.550995269353347
fit,S07_flat_loop_rich_C05__c1_mixed,S07_flat_loop_rich_C05,c1_mixed,2800,124,38964,270949,20411,33686,0.0,6.551861763000488,6.567777633666992,6.551861822335039
fit,S07_flat_loop_rich_C05__ellipse,S07_flat_loop_rich_C05,ellipse,2800,124,39660,281866,20337,40090,0.0,6.551861763000488,6.567777633666992,6.551861822335039
fit,S07_flat_loop_rich_C05__rounded_rectangle,S07_flat_loop_rich_C05,rounded_rectangle,2800,124,37550,252045,19113,26528,0.0,6.551861763000488,6.567777633666992,6.551861822335039
fit,S07_flat_loop_rich_C06__c1_mixed,S07_flat_loop_rich_C06,c1_mixed,3026,123,38246,232455,18996,32102,0.0,5.793124198913574,5.793124198913574,5.79312416349693
fit,S07_flat_loop_rich_C06__ellipse,S07_flat_loop_rich_C06,ellipse,3026,123,39696,255338,19923,40358,0.0,5.793124198913574,5.793124198913574,5.79312416349693
fit,S07_flat_loop_rich_C06__rounded_rectangle,S07_flat_loop_rich_C06,rounded_rectangle,3026,123,36273,207088,17377,22997,0.0,5.793124198913574,5.793124198913574,5.79312416349693
fit,S08_3d_loop_rich_C01__c1_mixed,S08_3d_loop_rich_C01,c1_mixed,3230,135,42192,272386,21575,43997,0.0,6.203155994415283,6.203155994415283,6.203155966903517
fit,S08_3d_loop_rich_C01__ellipse,S08_3d_loop_rich_C01,ellipse,3230,135,42676,278417,21692,47963,0.0,6.203155994415283,6.203155994415283,6.203155966903517
fit,S08_3d_loop_rich_C01__rounded_rectangle,S08_3d_loop_rich_C01,rounded_rectangle,3230,135,40792,252050,20746,35820,0.0,6.203155994415283,6.203155994415283,6.203155966903517
fit,S08_3d_loop_rich_C02__c1_mixed,S08_3d_loop_rich_C02,c1_mixed,3304,128,41922,259526,22147,46348,0.0,6.216848850250244,6.216848850250244,6.216848638559646
fit,S08_3d_loop_rich_C02__ellipse,S08_3d_loop_rich_C02,ellipse,3304,128,41937,261121,21675,48182,0.0,6.216848850250244,6.216848850250244,6.216848638559646
fit,S08_3d_loop_rich_C02__rounded_rectangle,S08_3d_loop_rich_C02,rounded_rectangle,3304,128,40797,246651,21334,40215,0.0,6.216848850250244,6.216848850250244,6.216848638559646
fit,S08_3d_loop_rich_C03__c1_mixed,S08_3d_loop_rich_C03,c1_mixed,2364,122,33926,260086,16968,49997,0.0,5.332247257232666,5.332247257232666,5.332247431204584
fit,S08_3d_loop_rich_C03__ellipse,S08_3d_loop_rich_C03,ellipse,2364,122,34632,272910,17424,55870,0.0,5.332247257232666,5.332247257232666,5.332247431204584
fit,S08_3d_loop_rich_C03__rounded_rectangle,S08_3d_loop_rich_C03,rounded_rectangle,2364,122,32889,244046,16670,40931,0.0,5.332247257232666,5.332247257232666,5.332247431204584
fit,S08_3d_loop_rich_C04__c1_mixed,S08_3d_loop_rich_C04,c1_mixed,3650,128,42197,238963,22698,34207,0.0,6.511142730712891,6.511142730712891,6.51114281919276
fit,S08_3d_loop_rich_C04__ellipse,S08_3d_loop_rich_C04,ellipse,3650,128,42509,239854,22075,37201,0.0,6.511142730712891,6.511142730712891,6.51114281919276
fit,S08_3d_loop_rich_C04__rounded_rectangle,S08_3d_loop_rich_C04,rounded_rectangle,3650,128,40683,220283,21389,26834,0.0,6.511142730712891,6.511142730712891,6.51114281919276
fit,S08_3d_loop_rich_C05__c1_mixed,S08_3d_loop_rich_C05,c1_mixed,2668,131,39312,284862,20238,48826,0.0,6.410688400268555,6.410688400268555,6.410688238716425
fit,S08_3d_loop_rich_C05__ellipse,S08_3d_loop_rich_C05,ellipse,2668,131,39641,289124,20390,52853,0.0,6.410688400268555,6.410688400268555,6.410688238716425
fit,S08_3d_loop_rich_C05__rounded_rectangle,S08_3d_loop_rich_C05,rounded_rectangle,2668,131,37483,256334,18695,37947,0.0,6.410688400268555,6.410688400268555,6.410688238716425
fit,S08_3d_loop_rich_C06__c1_mixed,S08_3d_loop_rich_C06,c1_mixed,3272,129,39259,234583,20406,35844,0.0,1.5084871053695679,1.5084871053695679,1.508487157824306
fit,S08_3d_loop_rich_C06__ellipse,S08_3d_loop_rich_C06,ellipse,3272,129,40374,250233,20939,42346,0.0,1.5084871053695679,1.5084871053695679,1.508487157824306
fit,S08_3d_loop_rich_C06__rounded_rectangle,S08_3d_loop_rich_C06,rounded_rectangle,3272,129,37776,215509,19087,28267,0.0,1.5084871053695679,1.5084871053695679,1.508487157824306
fit,S09_flat_complex_C01__c1_mixed,S09_flat_complex_C01,c1_mixed,4704,172,54571,294434,27789,30107,0.0,6.825799465179443,6.825799465179443,6.825799674435516
fit,S09_flat_complex_C01__ellipse,S09_flat_complex_C01,ellipse,4704,172,56072,313123,28496,39495,0.0,6.825799465179443,6.825799465179443,6.825799674435516
fit,S09_flat_complex_C01__rounded_rectangle,S09_flat_complex_C01,rounded_rectangle,4704,172,52310,269660,26304,21786,0.0,6.825799465179443,6.825799465179443,6.825799674435516
fit,S09_flat_complex_C02__c1_mixed,S09_flat_complex_C02,c1_mixed,3344,156,47593,326815,24353,46081,0.0,3.555339813232422,3.555339813232422,3.555339711323376
fit,S09_flat_complex_C02__ellipse,S09_flat_complex_C02,ellipse,3344,156,49182,350270,25470,56005,0.0,3.555339813232422,3.555339813232422,3.555339711323376
fit,S09_flat_complex_C02__rounded_rectangle,S09_flat_complex_C02,rounded_rectangle,3344,156,45525,296634,22569,34267,0.0,3.555339813232422,3.555339813232422,3.555339711323376
fit,S09_flat_complex_C03__c1_mixed,S09_flat_complex_C03,c1_mixed,3840,170,54068,370228,26942,49692,0.0,6.685648441314697,6.685648441314697,3.2488200570559385
fit,S09_flat_complex_C03__ellipse,S09_flat_complex_C03,ellipse,3840,170,56480,406654,28604,64487,0.0,6.685648441314697,6.685648441314697,3.2488200570559385
fit,S09_flat_complex_C03__rounded_rectangle,S09_flat_complex_C03,rounded_rectangle,3840,170,52451,347779,26210,38481,0.0,6.685648441314697,6.685648441314697,3.2488200570559385
fit,S09_flat_complex_C04__c1_mixed,S09_flat_complex_C04,c1_mixed,3520,152,47868,316597,24208,45059,0.0,5.866933345794678,5.866933345794678,5.866933459538663
fit,S09_flat_complex_C04__ellipse,S09_flat_complex_C04,ellipse,3520,152,49046,333913,24781,53109,0.0,5.866933345794678,5.866933345794678,5.866933459538663
fit,S09_flat_complex_C04__rounded_rectangle,S09_flat_complex_C04,rounded_rectangle,3520,152,46123,292228,22943,34085,0.0,5.866933345794678,5.866933345794678,5.866933459538663
fit,S09_flat_complex_C05__c1_mixed,S09_flat_complex_C05,c1_mixed,4594,174,56885,327599,28122,38517,0.0,5.936351299285889,5.936351299285889,5.936351347128956
fit,S09_flat_complex_C05__ellipse,S09_flat_complex_C05,ellipse,4594,174,58890,354204,29622,49071,0.0,5.936351299285889,5.936351299285889,5.936351347128956
fit,S09_flat_complex_C05__rounded_rectangle,S09_flat_complex_C05,rounded_rectangle,4594,174,54417,299167,27022,27027,0.0,5.936351299285889,5.936351299285889,5.936351347128956
fit,S09_flat_complex_C06__c1_mixed,S09_flat_complex_C06,c1_mixed,3376,159,47897,330526,24105,49203,0.0,5.115697383880615,5.115697383880615,5.1156973700457815
fit,S09_flat_complex_C06__ellipse,S09_flat_complex_C06,ellipse,3376,159,49749,357684,25157,61635,0.0,5.115697383880615,5.115697383880615,5.1156973700457815
fit,S09_flat_complex_C06__rounded_rectangle,S09_flat_complex_C06,rounded_rectangle,3376,159,46249,307422,23254,37281,0.0,5.115697383880615,5.115697383880615,5.1156973700457815
fit,S10_3d_complex_C01__c1_mixed,S10_3d_complex_C01,c1_mixed,2624,161,44920,380139,22819,64971,0.0,5.632712364196777,5.632712364196777,5.6327122143939485
fit,S10_3d_complex_C01__ellipse,S10_3d_complex_C01,ellipse,2624,161,45818,395072,23178,72306,0.0,5.632712364196777,5.632712364196777,5.6327122143939485
fit,S10_3d_complex_C01__rounded_rectangle,S10_3d_complex_C01,rounded_rectangle,2624,161,43643,357256,22100,52408,0.0,5.632712364196777,5.632712364196777,5.6327122143939485
fit,S10_3d_complex_C02__c1_mixed,S10_3d_complex_C02,c1_mixed,4052,166,48339,272019,24912,43163,0.0,5.164382457733154,5.164382457733154,5.164382481871656
fit,S10_3d_complex_C02__ellipse,S10_3d_complex_C02,ellipse,4052,166,49293,283532,25338,49367,0.0,5.164382457733154,5.164382457733154,5.164382481871656
fit,S10_3d_complex_C02__rounded_rectangle,S10_3d_complex_C02,rounded_rectangle,4052,166,47520,262075,24927,36806,0.0,5.164382457733154,5.164382457733154,5.164382481871656
fit,S10_3d_complex_C03__c1_mixed,S10_3d_complex_C03,c1_mixed,3706,164,51531,348849,25876,57165,0.0,5.180604457855225,5.180604457855225,5.180604672345829
fit,S10_3d_complex_C03__ellipse,S10_3d_complex_C03,ellipse,3706,164,52433,361391,26013,63932,0.0,5.180604457855225,5.180604457855225,5.180604672345829
fit,S10_3d_complex_C03__rounded_rectangle,S10_3d_complex_C03,rounded_rectangle,3706,164,50238,331159,25230,48247,0.0,5.180604457855225,5.180604457855225,5.180604672345829
fit,S10_3d_complex_C04__c1_mixed,S10_3d_complex_C04,c1_mixed,4282,177,55207,351772,27750,57502,0.0,5.764641761779785,5.764641761779785,5.764641688853596
fit,S10_3d_complex_C04__ellipse,S10_3d_complex_C04,ellipse,4282,177,56205,366055,28252,64351,0.0,5.764641761779785,5.764641761779785,5.764641688853596
fit,S10_3d_complex_C04__rounded_rectangle,S10_3d_complex_C04,rounded_rectangle,4282,177,53745,331900,27008,48159,0.0,5.764641761779785,5.764641761779785,5.764641688853596
fit,S10_3d_complex_C05__c1_mixed,S10_3d_complex_C05,c1_mixed,3622,174,49517,347638,25228,59136,0.0,5.511963367462158,5.511963367462158,5.51196334929624
fit,S10_3d_complex_C05__ellipse,S10_3d_complex_C05,ellipse,3622,174,50852,369045,25993,68527,0.0,5.511963367462158,5.511963367462158,5.51196334929624
fit,S10_3d_complex_C05__rounded_rectangle,S10_3d_complex_C05,rounded_rectangle,3622,174,47903,322774,24492,47646,0.0,5.511963367462158,5.511963367462158,5.51196334929624
fit,S10_3d_complex_C06__c1_mixed,S10_3d_complex_C06,c1_mixed,3522,163,48965,332076,25267,56316,0.0,6.054721355438232,6.054721355438232,6.054721381623341
fit,S10_3d_complex_C06__ellipse,S10_3d_complex_C06,ellipse,3522,163,48998,329359,24585,59656,0.0,6.054721355438232,6.054721355438232,6.054721381623341
fit,S10_3d_complex_C06__rounded_rectangle,S10_3d_complex_C06,rounded_rectangle,3522,163,46981,303599,23277,44493,0.0,6.054721355438232,6.054721355438232,6.054721381623341
c07,S01_flat_tree_small_C07__c1_mixed,S01_flat_tree_small_C07,c1_mixed,1004,56,15193,106342,7601,16336,0.0,6.788828372955322,6.788828372955322,6.788828249428642
c07,S01_flat_tree_small_C07__ellipse,S01_flat_tree_small_C07,ellipse,1004,56,15622,112386,7805,19616,0.0,6.788828372955322,6.788828372955322,6.788828249428642
c07,S01_flat_tree_small_C07__rounded_rectangle,S01_flat_tree_small_C07,rounded_rectangle,1004,56,14935,102545,7487,13337,0.0,6.788828372955322,6.788828372955322,6.788828249428642
c07,S02_3d_tree_small_C07__c1_mixed,S02_3d_tree_small_C07,c1_mixed,922,55,14493,111430,6931,18251,0.0,5.69663667678833,5.69663667678833,5.696636655550653
c07,S02_3d_tree_small_C07__ellipse,S02_3d_tree_small_C07,ellipse,922,55,14937,118956,7364,21880,0.0,5.69663667678833,5.69663667678833,5.696636655550653
c07,S02_3d_tree_small_C07__rounded_rectangle,S02_3d_tree_small_C07,rounded_rectangle,922,55,14343,108817,7042,15788,0.0,5.69663667678833,5.69663667678833,5.696636655550653
c07,S03_flat_unicyclic_small_C07__c1_mixed,S03_flat_unicyclic_small_C07,c1_mixed,906,60,15928,142420,8292,21839,0.0,5.3185930252075195,5.3185930252075195,5.318592886378493
c07,S03_flat_unicyclic_small_C07__ellipse,S03_flat_unicyclic_small_C07,ellipse,906,60,16533,154613,8546,27040,0.0,5.3185930252075195,5.3185930252075195,5.318592886378493
c07,S03_flat_unicyclic_small_C07__rounded_rectangle,S03_flat_unicyclic_small_C07,rounded_rectangle,906,60,15212,130205,7883,16549,0.0,5.3185930252075195,5.3185930252075195,5.318592886378493
c07,S04_3d_unicyclic_small_C07__c1_mixed,S04_3d_unicyclic_small_C07,c1_mixed,1134,64,17377,124574,8867,23352,0.0,0.8095031976699829,0.8095031976699829,0.8095032066260586
c07,S04_3d_unicyclic_small_C07__ellipse,S04_3d_unicyclic_small_C07,ellipse,1134,64,18053,134062,9066,26872,0.0,0.8095031976699829,0.8095031976699829,0.8095032066260586
c07,S04_3d_unicyclic_small_C07__rounded_rectangle,S04_3d_unicyclic_small_C07,rounded_rectangle,1134,64,16918,117573,8763,19052,0.0,0.8095031976699829,0.8095031976699829,0.8095032066260586
c07,S05_flat_branch_medium_C07__c1_mixed,S05_flat_branch_medium_C07,c1_mixed,2068,92,27231,171839,13458,19286,0.0,5.522648334503174,5.522648334503174,5.522648151862206
c07,S05_flat_branch_medium_C07__ellipse,S05_flat_branch_medium_C07,ellipse,2068,92,28173,185558,14061,24625,0.0,5.522648334503174,5.522648334503174,5.522648151862206
c07,S05_flat_branch_medium_C07__rounded_rectangle,S05_flat_branch_medium_C07,rounded_rectangle,2068,92,26058,157111,12639,14231,0.0,5.522648334503174,5.522648334503174,5.522648151862206
c07,S06_3d_branch_medium_C07__c1_mixed,S06_3d_branch_medium_C07,c1_mixed,1676,86,25042,180593,12335,32686,0.0,5.948550701141357,5.948550701141357,5.9485505698429195
c07,S06_3d_branch_medium_C07__ellipse,S06_3d_branch_medium_C07,ellipse,1676,86,25525,188604,12682,36572,0.0,5.948550701141357,5.948550701141357,5.9485505698429195
c07,S06_3d_branch_medium_C07__rounded_rectangle,S06_3d_branch_medium_C07,rounded_rectangle,1676,86,24615,174768,12262,28963,0.0,5.948550701141357,5.948550701141357,5.9485505698429195
c07,S07_flat_loop_rich_C07__c1_mixed,S07_flat_loop_rich_C07,c1_mixed,2678,121,38730,287625,19797,43815,0.0,5.202089786529541,5.202089786529541,5.202089767093924
c07,S07_flat_loop_rich_C07__ellipse,S07_flat_loop_rich_C07,ellipse,2678,121,39877,308707,20480,52652,0.0,5.202089786529541,5.202089786529541,5.202089767093924
c07,S07_flat_loop_rich_C07__rounded_rectangle,S07_flat_loop_rich_C07,rounded_rectangle,2678,121,37161,265688,18771,32817,0.0,5.202089786529541,5.202089786529541,5.202089767093924
c07,S08_3d_loop_rich_C07__c1_mixed,S08_3d_loop_rich_C07,c1_mixed,3458,123,38824,203874,20029,29195,0.0,8.748847961425781,8.748847961425781,8.748848280195308
c07,S08_3d_loop_rich_C07__ellipse,S08_3d_loop_rich_C07,ellipse,3458,123,39682,213768,20368,33596,0.0,8.748847961425781,8.748847961425781,8.748848280195308
c07,S08_3d_loop_rich_C07__rounded_rectangle,S08_3d_loop_rich_C07,rounded_rectangle,3458,123,37725,191169,19094,23206,0.0,8.748847961425781,8.748847961425781,8.748848280195308
c07,S09_flat_complex_C07__c1_mixed,S09_flat_complex_C07,c1_mixed,3580,147,46242,293174,23032,40876,0.0,7.2194318771362305,7.2194318771362305,7.219431812915938
c07,S09_flat_complex_C07__ellipse,S09_flat_complex_C07,ellipse,3580,147,47609,312014,23684,49601,0.0,7.2194318771362305,7.2194318771362305,7.219431812915938
c07,S09_flat_complex_C07__rounded_rectangle,S09_flat_complex_C07,rounded_rectangle,3580,147,44619,271636,22599,30097,0.0,7.2194318771362305,7.2194318771362305,7.219431812915938
c07,S10_3d_complex_C07__c1_mixed,S10_3d_complex_C07,c1_mixed,4122,175,53361,336540,27431,56564,0.0,5.206635475158691,5.206635475158691,5.206635417173519
c07,S10_3d_complex_C07__ellipse,S10_3d_complex_C07,ellipse,4122,175,54517,351631,28232,64670,0.0,5.206635475158691,5.206635475158691,5.206635417173519
c07,S10_3d_complex_C07__rounded_rectangle,S10_3d_complex_C07,rounded_rectangle,4122,175,51821,316537,26335,46484,0.0,5.206635475158691,5.206635475158691,5.206635417173519
